week_ending_date,Category,Beginning Inventory USD,Purchases USD,Ending Inventory USD,COGS Prcnt as Decimal
01/05/2021,Bread 4311,194.2878,648.8199999999999,316.5428,0.03437658111120904
01/05/2021,Food 4312,2379.3752,2433.7795,2716.9270999999994,0.1368513633054895
01/05/2021,Sides 4313,338.7586,623.26,472.0828,0.031985258739158674
01/05/2021,Paper 4314,268.0521,220.54999999999998,296.7919,0.012522250621019675
01/05/2021,Produce 4315,462.32079999999996,355.2084,358.0335,0.029997989234570796
01/05/2021,Beverage 4316,454.9719999999999,242.19,460.6196999999999,0.015442567512428554
01/05/2021,Catering 4320,159.523,0.0,139.3853,0.001314681525439773
01/05/2021,Operating Supplies 5220,0.0,0.0,0.0,0.0
01/05/2021,Sub Total COGS,4257.2895,4523.807900000001,4760.3831,0.262490692049316
01/05/2021,Discounted COGS,0.0,0.0,0.0,0.262490692049316
01/12/2021,Bread 4311,316.5428,524.1899999999999,313.1576,0.0344355175067409
01/12/2021,Food 4312,2716.9270999999994,2002.8033999999996,2651.8289999999997,0.13497461272907774
01/12/2021,Sides 4313,472.0828,466.2800000000001,357.5534,0.03791018277921267
01/12/2021,Paper 4314,296.7919,208.9,318.78790000000004,0.012199466472419289
01/12/2021,Produce 4315,358.0335,363.1792,306.4959,0.02706910337472187
01/12/2021,Beverage 4316,460.6196999999999,146.91,371.53280000000007,0.01540382372311393
01/12/2021,Catering 4320,139.3853,38.46,143.30169999999998,0.002254705570970462
01/12/2021,Operating Supplies 5220,0.0,0.0,0.0,0.0
01/12/2021,Sub Total COGS,4760.3831,3750.7225999999996,4462.6583,0.26424741215625686
01/12/2021,Discounted COGS,0.0,0.0,0.0,0.2642474121562569
01/19/2021,Bread 4311,313.1576,460.71,249.9084,0.030754609001588915
01/19/2021,Food 4312,2651.8289999999997,1989.5663000000002,2335.2454000000002,0.13536309406066993
01/19/2021,Sides 4313,357.5534,528.85,298.97339999999997,0.03448012739504026
01/19/2021,Paper 4314,318.78790000000004,225.52,341.8266,0.011884958240323725
01/19/2021,Produce 4315,306.4959,556.5984,365.28059999999994,0.029219957773685978
01/19/2021,Beverage 4316,371.53280000000007,371.76000000000005,547.0861000000001,0.011516660728530118
01/19/2021,Catering 4320,143.30169999999998,37.32,161.9275,0.0010972854596264412
01/19/2021,Operating Supplies 5220,0.0,0.0,0.0,0.0
01/19/2021,Sub Total COGS,4462.6583,4170.324699999999,4300.248,0.2543166926594654
01/19/2021,Discounted COGS,0.0,0.0,0.0,0.2543166926594654
01/26/2021,Bread 4311,249.9084,524.1899999999999,278.62940000000003,0.032116440562717834
01/26/2021,Food 4312,2335.2454000000002,2409.3469999999998,2687.2552999999994,0.1333571720725702
01/26/2021,Sides 4313,298.97339999999997,595.05,336.34920000000005,0.03614859920128447
01/26/2021,Paper 4314,341.8266,146.07,298.1229,0.012301184849944285
01/26/2021,Produce 4315,365.28059999999994,436.7376,330.2291,0.0305815027545379
01/26/2021,Beverage 4316,547.0861000000001,140.08,431.1152,0.01659729167895552
01/26/2021,Catering 4320,161.9275,0.0,128.40589999999997,0.002172879582712951
01/26/2021,Operating Supplies 5220,0.0,0.0,0.0,0.0
01/26/2021,Sub Total COGS,4300.248,4251.4746,4490.106999999999,0.26327507070272316
01/26/2021,Discounted COGS,0.0,0.0,0.0,0.26327507070272316
02/02/2021,Bread 4311,278.62940000000003,446.24,191.968,0.0323127605054093
02/02/2021,Food 4312,2687.2552999999994,1974.6166999999998,2845.0883000000003,0.11016164826782467
02/02/2021,Sides 4313,336.34920000000005,541.33,284.5679,0.03596361989282063
02/02/2021,Paper 4314,298.1229,142.54,238.48849999999996,0.012258952533291944
02/02/2021,Produce 4315,330.2291,308.12,287.33570000000003,0.02128388465181258
02/02/2021,Beverage 4316,431.1152,296.44000000000005,474.64300000000003,0.015335466087152664
02/02/2021,Catering 4320,128.40589999999997,71.93,183.8077,0.0010021962190106932
02/02/2021,Operating Supplies 5220,0.0,0.0,0.0,0.0
02/02/2021,Sub Total COGS,4490.106999999999,3781.2166999999995,4505.8991000000005,0.22831852815732248
02/02/2021,Discounted COGS,0.0,0.0,0.0,0.22831852815732245
02/09/2021,Bread 4311,191.968,605.41,243.78199999999998,0.030363692308704893
02/09/2021,Food 4312,2845.0883000000003,2198.4987,2465.8392000000013,0.1413845855978745
02/09/2021,Sides 4313,284.5679,668.53,290.7743,0.036327195281746494
02/09/2021,Paper 4314,238.48849999999996,378.76,372.6186,0.013417486782977557
02/09/2021,Produce 4315,287.33570000000003,354.01,262.43080000000003,0.020782764750438377
02/09/2021,Beverage 4316,474.64300000000003,250.64,429.67289999999997,0.016213654216695
02/09/2021,Catering 4320,183.8077,0.0,146.4904,0.002046783240832003
02/09/2021,Operating Supplies 5220,0.0,0.0,0.0,0.0
02/09/2021,Sub Total COGS,4505.8991000000005,4455.8487000000005,4211.6082000000015,0.26053616217926884
02/09/2021,Discounted COGS,0.0,0.0,0.0,0.26053616217926884
02/16/2021,Bread 4311,243.78199999999998,567.5999999999999,424.96860000000004,0.04178688992607522
02/16/2021,Food 4312,2465.8392000000013,2588.7081999999996,3428.9242000000004,0.175795502225529
02/16/2021,Sides 4313,290.7743,661.14,570.5528,0.04124057556633113
02/16/2021,Paper 4314,372.6186,210.95000000000002,482.42839999999995,0.010937339141192411
02/16/2021,Produce 4315,262.43080000000003,63.0,131.0985,0.02101516776897756
02/16/2021,Beverage 4316,429.67289999999997,414.73960000000005,651.9895000000001,0.020808695351261553
02/16/2021,Catering 4320,146.4904,36.27,151.69150000000002,0.003359802492419358
02/16/2021,Operating Supplies 5220,0.0,0.0,0.0,0.0
02/16/2021,Sub Total COGS,4211.6082000000015,4542.4078,5841.653500000001,0.31494397247178624
02/16/2021,Discounted COGS,0.0,0.0,0.0,0.3149439724717862
02/23/2021,Bread 4311,424.96860000000004,235.75,223.948,0.03248326270524661
02/23/2021,Food 4312,3428.9242000000004,504.50329999999997,2571.9893,0.10125213260131995
02/23/2021,Sides 4313,570.5528,294.0,341.7428,0.038882137613955654
02/23/2021,Paper 4314,482.42839999999995,51.28,364.8228,0.012560266904258658
02/23/2021,Produce 4315,131.0985,340.67,213.21529999999996,0.01922897630674356
02/23/2021,Beverage 4316,651.9895000000001,22.99,473.8805,0.014956024161796588
02/23/2021,Catering 4320,151.69150000000002,37.46,172.49649999999997,0.0012386564946355917
02/23/2021,Operating Supplies 5220,0.0,0.0,0.0,0.0
02/23/2021,Sub Total COGS,5841.653500000001,1486.6533,4362.0952,0.2206014567879566
02/23/2021,Discounted COGS,0.0,0.0,0.0,0.22060145678795667
03/02/2021,Bread 4311,223.948,590.0999999999999,249.6523,0.02914956879588225
03/02/2021,Food 4312,2571.9893,2407.0780999999993,2513.8596999999995,0.12732156082565596
03/02/2021,Sides 4313,341.7428,661.6700000000001,313.42400000000004,0.035636125494911186
03/02/2021,Paper 4314,364.8228,160.83,299.53779999999995,0.011678251177818889
03/02/2021,Produce 4315,213.21529999999996,240.5588,182.75169999999997,0.013997601494882259
03/02/2021,Beverage 4316,473.8805,362.38,519.9852000000001,0.016334795987617015
03/02/2021,Catering 4320,172.49649999999997,0.0,148.9533,0.0012159449975880643
03/02/2021,Operating Supplies 5220,0.0,0.0,0.0,0.0
03/02/2021,Sub Total COGS,4362.0952,4422.616899999999,4228.164,0.23533384877435562
03/02/2021,Discounted COGS,0.0,0.0,0.0,0.23533384877435556
03/09/2021,Bread 4311,249.6523,593.37,288.633,0.02886536214649142
03/09/2021,Food 4312,2513.8596999999995,2374.5204999999996,2455.0937999999996,0.12669381090531937
03/09/2021,Sides 4313,313.42400000000004,795.4967999999999,441.8909,0.03473021507817332
03/09/2021,Paper 4314,299.53779999999995,295.06,260.79689999999994,0.01737999608456507
03/09/2021,Produce 4315,182.75169999999997,371.6,213.51829999999998,0.01774615693812988
03/09/2021,Beverage 4316,519.9852000000001,297.69000000000005,499.97780000000006,0.01654153589183403
03/09/2021,Catering 4320,148.9533,29.1875,141.91250000000002,0.0018862972273305683
03/09/2021,Operating Supplies 5220,0.0,0.0,0.0,0.0
03/09/2021,Sub Total COGS,4228.164,4756.924799999999,4301.8232,0.24384337427184363
03/09/2021,Discounted COGS,0.0,0.0,0.0,0.24384337427184352
03/16/2021,Bread 4311,288.633,526.35,243.6232,0.02893359490522239
03/16/2021,Food 4312,2455.0937999999996,2552.960499999999,2547.6509999999994,0.1245945416280115
03/16/2021,Sides 4313,441.8909,585.6800000000001,324.5927,0.03559873562333649
03/16/2021,Paper 4314,260.79689999999994,241.32000000000002,267.8492,0.011863289526456301
03/16/2021,Produce 4315,213.51829999999998,453.82,251.75080000000003,0.021045303454450437
03/16/2021,Beverage 4316,499.97780000000006,382.34000000000003,512.8141,0.018711625094696586
03/16/2021,Catering 4320,141.91250000000002,105.35,198.26800000000003,0.002481075874753383
03/16/2021,Operating Supplies 5220,0.0,0.0,0.0,0.0
03/16/2021,Sub Total COGS,4301.8232,4847.8205,4346.548999999999,0.24322816610692707
03/16/2021,Discounted COGS,0.0,0.0,0.0,0.2432281661069272
03/23/2021,Bread 4311,243.6232,584.47,202.8456,0.02967787808883699
03/23/2021,Food 4312,2547.6509999999994,2443.9948999999997,2297.9840000000013,0.12785681941161384
03/23/2021,Sides 4313,324.5927,701.8199999999999,315.6602,0.03373643664739554
03/23/2021,Paper 4314,267.8492,221.34,237.5536,0.01194408528655104
03/23/2021,Produce 4315,251.75080000000003,400.17,200.04410000000001,0.021448689469237416
03/23/2021,Beverage 4316,512.8141,244.07900000000004,450.46670000000006,0.01454477448997997
03/23/2021,Catering 4320,198.26800000000003,0.0,165.7244,0.0015447080378587239
03/23/2021,Operating Supplies 5220,0.0,0.0,0.0,0.0
03/23/2021,Sub Total COGS,4346.548999999999,4595.8739,3870.2786000000015,0.2407533914314735
03/23/2021,Discounted COGS,0.0,0.0,0.0,0.24075339143147342
03/30/2021,Bread 4311,202.8456,724.14,267.5884,0.02777685244042632
03/30/2021,Food 4312,2297.9840000000013,3020.9383,2432.2539,0.12159979173590905
03/30/2021,Sides 4313,315.6602,838.8400000000001,221.6285,0.03929686015765559
03/30/2021,Paper 4314,237.5536,219.6,205.65689999999995,0.010594201378401618
03/30/2021,Produce 4315,200.04410000000001,434.26,161.37969999999999,0.019921757742188104
03/30/2021,Beverage 4316,450.46670000000006,424.29,435.3960000000001,0.0185078998394631
03/30/2021,Catering 4320,165.7244,65.69,174.0891,0.0024148061277833315
03/30/2021,Operating Supplies 5220,0.0,0.0,0.0,0.0
03/30/2021,Sub Total COGS,3870.2786000000015,5727.7582999999995,3897.9925000000003,0.24011216942182712
03/30/2021,Discounted COGS,0.0,0.0,0.0,0.2401121694218271
04/06/2021,Bread 4311,267.5884,695.0799999999999,415.6921,0.02934546582178107
04/06/2021,Food 4312,2432.2539,2926.7153999999996,3008.7479000000003,0.1260901830066832
04/06/2021,Sides 4313,221.6285,1090.6799999999998,635.4199,0.036315305208750794
04/06/2021,Paper 4314,205.65689999999995,301.6,310.8775,0.010535822065420154
04/06/2021,Produce 4315,161.37969999999999,414.7602,252.125,0.017383510352638337
04/06/2021,Beverage 4316,435.3960000000001,476.74000000000007,654.8258,0.013804780352815396
04/06/2021,Catering 4320,174.0891,38.6,193.75689999999997,0.0010157190138423262
04/06/2021,Operating Supplies 5220,0.0,0.0,0.0,0.0
04/06/2021,Sub Total COGS,3897.9925000000003,5944.1756,5471.4451,0.23449078582193125
04/06/2021,Discounted COGS,0.0,0.0,0.0,0.23449078582193125
04/13/2021,Bread 4311,415.6921,540.88,271.7317,0.033427818621828136
04/13/2021,Food 4312,3008.7479000000003,2593.7307999999994,2867.5689000000007,0.1334939771974028
04/13/2021,Sides 4313,635.4199,595.41,499.0616,0.03571842140972337
04/13/2021,Paper 4314,310.8775,129.28,227.4001,0.010384924396475058
04/13/2021,Produce 4315,252.125,330.7604,178.8798,0.01971996091206484
04/13/2021,Beverage 4316,654.8258,226.0,522.2836,0.017500841991610346
04/13/2021,Catering 4320,193.75689999999997,37.46,182.05290000000002,0.0023997493061501
04/13/2021,Operating Supplies 5220,0.0,0.0,0.0,0.0
04/13/2021,Sub Total COGS,5471.4451,4453.521199999999,4748.9786,0.2526456938352547
04/13/2021,Discounted COGS,0.0,0.0,0.0,0.252718910497024
04/20/2021,Bread 4311,271.7317,709.61,363.0622,0.0299132858485098
04/20/2021,Food 4312,2867.5689000000007,2628.0955,2877.746300000001,0.1266587885467457
04/20/2021,Sides 4313,499.0616,730.1800000000001,490.453,0.03574369613325425
04/20/2021,Paper 4314,227.4001,207.12,229.84220000000002,0.009902622567257534
04/20/2021,Produce 4315,178.8798,344.4998,215.4869,0.014896308782305535
04/20/2021,Beverage 4316,522.2836,336.64000000000004,524.5030000000002,0.016179768213939093
04/20/2021,Catering 4320,182.05290000000002,37.46,178.55610000000001,0.001981551168751749
04/20/2021,Operating Supplies 5220,0.0,0.0,0.0,0.0
04/20/2021,Sub Total COGS,4748.9786,4993.6053,4879.649700000002,0.2352760212607637
04/20/2021,Discounted COGS,0.0,0.0,0.0,0.2353485935015913
04/27/2021,Bread 4311,363.0622,599.0,330.8104,0.031131650133033487
04/27/2021,Food 4312,2877.746300000001,2516.8605999999995,2787.0976,0.12859538340521337
04/27/2021,Sides 4313,490.453,731.64,473.5138,0.03691792364198581
04/27/2021,Paper 4314,229.84220000000002,311.46999999999997,302.84,0.011760810974091143
04/27/2021,Produce 4315,215.4869,393.0018,191.51640000000003,0.020563958405768155
04/27/2021,Beverage 4316,524.5030000000002,511.94,687.5414999999999,0.01720688864394619
04/27/2021,Catering 4320,178.55610000000001,29.29,126.19119999999998,0.004027001235398991
04/27/2021,Operating Supplies 5220,0.0,0.0,0.0,0.0
04/27/2021,Sub Total COGS,4879.649700000002,5093.202399999999,4899.5109,0.25020361643943717
04/27/2021,Discounted COGS,0.0,0.0,0.0,0.2502775924268316
05/04/2021,Bread 4311,330.8104,680.55,382.6342,0.02904075282023521
05/04/2021,Food 4312,2787.0976,2809.968,2717.7333,0.13299585353945695
05/04/2021,Sides 4313,473.5138,888.21,562.198,0.03692995636447282
05/04/2021,Paper 4314,302.84,289.96999999999997,304.3522,0.013323815150170046
05/04/2021,Produce 4315,191.51640000000003,377.93,190.1771,0.01751838239539506
05/04/2021,Beverage 4316,687.5414999999999,190.8,498.7105,0.01753508925490732
05/04/2021,Catering 4320,126.19119999999998,137.88,185.9948,0.0036063352115655615
05/04/2021,Operating Supplies 5220,0.0,0.0,0.0,0.0
05/04/2021,Sub Total COGS,4899.5109,5375.308000000001,4841.8001,0.25095018473620295
05/04/2021,Discounted COGS,0.0,0.0,0.0,0.25101946947291415
05/11/2021,Bread 4311,382.6342,569.94,360.37260000000003,0.029717478968993943
05/11/2021,Food 4312,2717.7333,2822.6005999999998,2961.5636,0.12940618896692646
05/11/2021,Sides 4313,562.198,716.95,516.4654,0.03827244662209224
05/11/2021,Paper 4314,304.3522,212.55,278.30219999999997,0.0119732714028499
05/11/2021,Produce 4315,190.1771,460.004,281.3266,0.018509618762206616
05/11/2021,Beverage 4316,498.7105,211.79000000000002,443.16959999999995,0.013415026907242783
05/11/2021,Catering 4320,185.9948,105.35,223.6801,0.003395506359984983
05/11/2021,Operating Supplies 5220,0.0,0.0,0.0,0.0
05/11/2021,Sub Total COGS,4841.8001,5099.1846000000005,5064.8801,0.2446895379902969
05/11/2021,Discounted COGS,0.0,0.0,0.0,0.24476481002342468
05/18/2021,Bread 4311,360.37260000000003,593.37,417.0437,0.026111576009800505
05/18/2021,Food 4312,2961.5636,2453.4189999999994,2709.5142,0.13162695837221453
05/18/2021,Sides 4313,516.4654,710.79,434.6359,0.03856267326260603
05/18/2021,Paper 4314,278.30219999999997,232.46,261.3579,0.012134064997377651
05/18/2021,Produce 4315,281.3266,302.0102,207.2969,0.018295164069775025
05/18/2021,Beverage 4316,443.16959999999995,440.25000000000006,511.3396,0.018102506268834476
05/18/2021,Catering 4320,223.6801,29.29,199.1244,0.0026197111422268885
05/18/2021,Operating Supplies 5220,0.0,0.0,0.0,0.0
05/18/2021,Sub Total COGS,5064.8801,4761.589199999999,4740.312599999999,0.2474526541228351
05/18/2021,Discounted COGS,0.0,0.0,0.0,0.24752563240547132
05/25/2021,Bread 4311,417.0437,549.78,298.3301,0.031291623875292905
05/25/2021,Food 4312,2709.5142,2987.1265,2857.6467000000002,0.132890924359206
05/25/2021,Sides 4313,434.6359,821.72,439.38120000000004,0.038241899440817774
05/25/2021,Paper 4314,261.3579,275.65,263.04009999999994,0.012824202582554976
05/25/2021,Produce 4315,207.2969,392.0,214.02960000000002,0.018034038684962183
05/25/2021,Beverage 4316,511.3396,301.44000000000005,433.7675000000001,0.017741238027387102
05/25/2021,Catering 4320,199.1244,29.29,171.6881,0.002655310452391808
05/25/2021,Operating Supplies 5220,0.0,0.0,0.0,0.0
05/25/2021,Sub Total COGS,4740.312599999999,5357.0065,4677.8833,0.2536792374226127
05/25/2021,Discounted COGS,0.0,0.0,0.0,0.2537494511625991
06/01/2021,Bread 4311,298.3301,724.14,352.6286,0.031849727858131525
06/01/2021,Food 4312,2857.6467000000002,3069.5485000000003,3312.199299999999,0.12433823190281544
06/01/2021,Sides 4313,439.38120000000004,921.0400000000001,493.09490000000005,0.04123976585386266
06/01/2021,Paper 4314,263.04009999999994,267.59000000000003,291.35699999999997,0.011376994585691524
06/01/2021,Produce 4315,214.02960000000002,418.0102,261.51959999999997,0.017617552116344633
06/01/2021,Beverage 4316,433.7675000000001,424.2900000000001,542.3406000000001,0.015011756281467966
06/01/2021,Catering 4320,171.6881,66.75,142.2056,0.004575677882167111
06/01/2021,Operating Supplies 5220,0.0,0.0,0.0,0.0
06/01/2021,Sub Total COGS,4677.8833,5891.3687,5395.345599999999,0.24600970648048087
06/01/2021,Discounted COGS,0.0,0.0,0.0,0.2460810287138558
06/08/2021,Bread 4311,352.6286,613.53,340.45930000000004,0.029873558839088418
06/08/2021,Food 4312,3312.199299999999,2298.7625,2909.8186000000005,0.12896412113295241
06/08/2021,Sides 4313,493.09490000000005,856.6899999999999,568.3665000000001,0.03730825422107126
06/08/2021,Paper 4314,291.35699999999997,341.14,384.5644,0.011837361995175915
06/08/2021,Produce 4315,261.51959999999997,421.52,280.1668,0.019234869362117393
06/08/2021,Beverage 4316,542.3406000000001,163.09000000000003,392.0002,0.014964506906686683
06/08/2021,Catering 4320,142.2056,66.75,139.3607,0.003322757976635861
06/08/2021,Operating Supplies 5220,0.0,0.0,0.0,0.0
06/08/2021,Sub Total COGS,5395.345599999999,4761.4825,5014.736500000001,0.24550543043372797
06/08/2021,Discounted COGS,0.0,0.0,0.0,0.24557704684477175
06/15/2021,Bread 4311,340.45930000000004,599.0,278.9409,0.029587126621311455
06/15/2021,Food 4312,2909.8186000000005,3073.7857999999997,3037.9643999999994,0.13194639795166935
06/15/2021,Sides 4313,568.3665000000001,737.1600000000001,506.59810000000004,0.035787035958667876
06/15/2021,Paper 4314,384.5644,202.91,316.9879,0.012116117166236944
06/15/2021,Produce 4315,280.1668,444.0804,244.4075,0.02149384174889315
06/15/2021,Beverage 4316,392.0002,401.30000000000007,416.2725,0.016888501970031167
06/15/2021,Catering 4320,139.3607,105.47,173.296,0.0032043107757747996
06/15/2021,Operating Supplies 5220,0.0,0.0,0.0,0.0
06/15/2021,Sub Total COGS,5014.736500000001,5563.7062,4974.4673,0.25102333219258477
06/15/2021,Discounted COGS,0.0,0.0,0.0,0.2510905228869423
06/22/2021,Bread 4311,278.9409,695.0799999999999,340.6071,0.030106091478887938
06/22/2021,Food 4312,3037.9643999999994,2647.5853,2948.103,0.13011055453603929
06/22/2021,Sides 4313,506.59810000000004,908.99,499.56679999999994,0.04353839631282086
06/22/2021,Paper 4314,316.9879,315.77,372.56359999999995,0.012367007788723919
06/22/2021,Produce 4315,244.4075,419.52,220.72369999999998,0.021065430128915336
06/22/2021,Beverage 4316,416.2725,424.29,474.8509000000001,0.01738223399062425
06/22/2021,Catering 4320,173.296,29.29,125.2346,0.003676503929058779
06/22/2021,Operating Supplies 5220,0.0,0.0,0.0,0.0
06/22/2021,Sub Total COGS,4974.4673,5440.525300000001,4981.6497,0.2582462181650704
06/22/2021,Discounted COGS,0.0,0.0,0.0,0.25831751300774414
06/29/2021,Bread 4311,340.6071,636.9599999999999,313.51959999999997,0.029872824646916322
06/29/2021,Food 4312,2948.103,3198.7007,3245.220999999999,0.1305305286077066
06/29/2021,Sides 4313,499.56679999999994,720.1899999999999,435.71950000000004,0.035270682864616945
06/29/2021,Paper 4314,372.56359999999995,193.92000000000002,288.4125,0.012509299725810477
06/29/2021,Produce 4315,220.72369999999998,472.18,263.87629999999996,0.019300216157612862
06/29/2021,Beverage 4316,474.8509000000001,313.65000000000003,402.629,0.01735882388665334
06/29/2021,Catering 4320,125.2346,76.18,113.0585,0.003974785360663814
06/29/2021,Operating Supplies 5220,0.0,0.0,0.0,0.0
06/29/2021,Sub Total COGS,4981.6497,5611.7807,5062.4364,0.24881716124998032
06/29/2021,Discounted COGS,0.0,0.0,0.0,0.24888464021341353
07/06/2021,Bread 4311,313.51959999999997,657.12,395.80310000000003,0.029783209823068493
07/06/2021,Food 4312,3245.220999999999,2965.8555,3664.5529,0.13193951097085124
07/06/2021,Sides 4313,435.71950000000004,921.66,653.7065,0.03645843749627604
07/06/2021,Paper 4314,288.4125,261.97999999999996,318.297,0.012025243657092045
07/06/2021,Produce 4315,263.87629999999996,434.54,284.5592,0.021442606456038616
07/06/2021,Beverage 4316,402.629,390.84000000000003,476.85170000000005,0.01640445497026272
07/06/2021,Catering 4320,113.0585,103.27000000000001,166.8526,0.002563426488897548
07/06/2021,Operating Supplies 5220,0.0,0.0,0.0,0.0
07/06/2021,Sub Total COGS,5062.4364,5735.2655,5960.6230000000005,0.2506168898624867
07/06/2021,Discounted COGS,0.0,0.0,0.0,0.2506168898624867
07/13/2021,Bread 4311,395.80310000000003,578.84,378.4102,0.028050336331414173
07/13/2021,Food 4312,3664.5529,2523.2787,3328.6991999999996,0.13451056698824135
07/13/2021,Sides 4313,653.7065,605.3149999999999,491.9887,0.03608577791870649
07/13/2021,Paper 4314,318.297,276.16,348.6209,0.011565590036046604
07/13/2021,Produce 4315,284.5592,410.59,243.5263,0.02124702316824286
07/13/2021,Beverage 4316,476.85170000000005,353.48,492.3809999999999,0.01589920784048793
07/13/2021,Catering 4320,166.8526,29.29,144.5039,0.0024293911032366665
07/13/2021,Operating Supplies 5220,0.0,0.0,0.0,0.0
07/13/2021,Sub Total COGS,5960.6230000000005,4776.953699999999,5428.130199999999,0.24978789338637608
07/13/2021,Discounted COGS,0.0,0.0,0.0,0.24988198526333028
07/20/2021,Bread 4311,378.4102,584.47,343.69440000000003,0.028239707343814924
07/20/2021,Food 4312,3328.6991999999996,2634.7427999999995,2961.127699999999,0.13692897541602306
07/20/2021,Sides 4313,491.9887,781.6400000000001,495.3627,0.035495006629094966
07/20/2021,Paper 4314,348.6209,188.81,267.1033,0.012329049391888293
07/20/2021,Produce 4315,243.5263,452.59,244.50349999999997,0.020597070063171376
07/20/2021,Beverage 4316,492.3809999999999,366.1,448.9863000000001,0.018676155827286878
07/20/2021,Catering 4320,144.5039,66.75,168.9253,0.0019305146795572578
07/20/2021,Operating Supplies 5220,0.0,0.0,0.0,0.0
07/20/2021,Sub Total COGS,5428.130199999999,5075.102800000001,4929.703199999999,0.2541964793508367
07/20/2021,Discounted COGS,0.0,0.0,0.0,0.2542876949676801
07/27/2021,Bread 4311,343.69440000000003,599.0,310.23879999999997,0.026585817687934995
07/27/2021,Food 4312,2961.127699999999,3052.954399999999,2791.3692000000005,0.13546952168651236
07/27/2021,Sides 4313,495.3627,872.19,513.2844,0.03590990621378348
07/27/2021,Paper 4314,267.1033,231.36999999999998,233.17160000000004,0.01115218622224109
07/27/2021,Produce 4315,244.50349999999997,578.67,289.9042,0.022416435854742543
07/27/2021,Beverage 4316,448.9863000000001,301.44000000000005,406.85210000000006,0.014442438399593764
07/27/2021,Catering 4320,168.9253,29.29,135.9974,0.0026153831926322892
07/27/2021,Operating Supplies 5220,0.0,0.0,0.0,0.0
07/27/2021,Sub Total COGS,4929.703199999999,5664.914399999999,4680.817700000001,0.24859168925744055
07/27/2021,Discounted COGS,0.0,0.0,0.0,0.24867576098575764
08/03/2021,Bread 4311,310.23879999999997,628.0600000000001,296.9678,0.02754884281552489
08/03/2021,Food 4312,2791.3692000000005,3128.3642999999993,2679.3866,0.13919147431805629
08/03/2021,Sides 4313,513.2844,760.11,330.7828,0.04049057164629564
08/03/2021,Paper 4314,233.17160000000004,356.07000000000005,296.74649999999997,0.012564341243774644
08/03/2021,Produce 4315,289.9042,473.59,250.1347,0.022051733306758057
08/03/2021,Beverage 4316,406.85210000000006,613.0900000000001,442.0307000000001,0.024824607449039478
08/03/2021,Catering 4320,135.9974,170.94,246.77700000000002,0.0025842340434488647
08/03/2021,Operating Supplies 5220,0.0,0.0,0.0,0.0
08/03/2021,Sub Total COGS,4680.817700000001,6130.224299999999,4542.826099999999,0.26925580482289785
08/03/2021,Discounted COGS,0.0,0.0,0.0,0.269341716287697
08/10/2021,Bread 4311,296.9678,651.49,241.2156,0.029582626263471273
08/10/2021,Food 4312,2679.3866,3476.5156000000006,2883.1357000000003,0.13689373769991237
08/10/2021,Sides 4313,330.7828,773.86,320.34860000000003,0.03280556816209241
08/10/2021,Paper 4314,296.74649999999997,276.05,297.52189999999996,0.011514224704954749
08/10/2021,Produce 4315,250.1347,539.5198,311.7191,0.019991149165424025
08/10/2021,Beverage 4316,442.0307000000001,476.74000000000007,540.3675,0.015827902297828916
08/10/2021,Catering 4320,246.77700000000002,29.29,206.9883,0.002889433584232464
08/10/2021,Operating Supplies 5220,0.0,0.0,0.0,0.0
08/10/2021,Sub Total COGS,4542.826099999999,6223.4654,4801.296700000001,0.24950464187791618
08/10/2021,Discounted COGS,0.0,0.0,0.0,0.2496092122297117
08/31/2021,Bread 4311,368.8177,584.47,360.6896,0.02900506342124778
08/31/2021,Food 4312,3615.3964000000005,2856.225099999999,3617.740600000001,0.13968488339936902
08/31/2021,Sides 4313,547.6632,626.5908,388.3056,0.03846870786090642
08/31/2021,Paper 4314,326.2035,164.37,236.8386,0.0124192042915493
08/31/2021,Produce 4315,300.68039999999996,517.11,368.8385,0.021974215463380135
08/31/2021,Beverage 4316,486.94930000000005,232.75000000000003,308.41020000000003,0.020130787510064443
08/31/2021,Catering 4320,149.8651,106.18,204.89729999999997,0.0025034592295474774
08/31/2021,Operating Supplies 5220,0.0,0.0,0.0,0.0
08/31/2021,Sub Total COGS,5795.5756,5087.695899999999,5485.720400000001,0.26418632117606455
08/31/2021,Discounted COGS,0.0,0.0,0.0,0.26430868515015277
09/07/2021,Bread 4311,360.6896,599.0,346.40830000000005,0.027404492454039205
09/07/2021,Food 4312,3617.740600000001,2524.8452999999995,3078.9229,0.13689986889412595
09/07/2021,Sides 4313,388.3056,885.84,495.19100000000003,0.03480760860919635
09/07/2021,Paper 4314,236.8386,270.91999999999996,235.84419999999997,0.012150502751257211
09/07/2021,Produce 4315,368.8385,223.0,64.6267,0.02355847438162623
09/07/2021,Beverage 4316,308.41020000000003,526.19,426.06780000000003,0.01825528199381023
09/07/2021,Catering 4320,204.89729999999997,29.29,175.35879999999997,0.0026287532072679295
09/07/2021,Operating Supplies 5220,0.0,0.0,0.0,0.0
09/07/2021,Sub Total COGS,5485.720400000001,5059.0853,4822.4196999999995,0.25570498229132305
09/07/2021,Discounted COGS,0.0,0.0,0.0,0.25570498229132316
09/14/2021,Bread 4311,346.40830000000005,599.0,376.9808,0.02821594878487174
09/14/2021,Food 4312,3078.9229,3033.1900999999993,3482.5307,0.13052880007108245
09/14/2021,Sides 4313,495.19100000000003,1027.1,744.4859000000001,0.03860916100331535
09/14/2021,Paper 4314,235.84419999999997,347.34000000000003,337.65900000000005,0.012187528697319167
09/14/2021,Produce 4315,64.6267,773.06,327.8418,0.025307990177512618
09/14/2021,Beverage 4316,426.06780000000003,522.44,598.9748000000001,0.017350330915767754
09/14/2021,Catering 4320,175.35879999999997,29.29,194.1334,0.0005219697988792582
09/14/2021,Operating Supplies 5220,0.0,0.0,0.0,0.0
09/14/2021,Sub Total COGS,4822.4196999999995,6331.4201,6062.6064,0.2527217294487483
09/14/2021,Discounted COGS,0.0,0.0,0.0,0.25284582596406857
09/21/2021,Bread 4311,376.9808,555.41,334.0912,0.029049888835425444
09/21/2021,Food 4312,3482.5307,2731.4280999999996,3351.1378000000004,0.13900165035330375
09/21/2021,Sides 4313,744.4859000000001,694.67,672.3842999999999,0.03722989241871684
09/21/2021,Paper 4314,337.65900000000005,177.58,273.9552,0.011715313812325847
09/21/2021,Produce 4315,327.8418,305.0,64.0121,0.027619004845212007
09/21/2021,Beverage 4316,598.9748000000001,234.50000000000003,469.0073,0.017696385488349696
09/21/2021,Catering 4320,194.1334,37.2,178.7662,0.002552352226860216
09/21/2021,Operating Supplies 5220,0.0,0.0,0.0,0.0
09/21/2021,Sub Total COGS,6062.6064,4735.7881,5343.3541000000005,0.26486448798019385
09/21/2021,Discounted COGS,0.0,0.0,0.0,0.26498587318935746
09/28/2021,Bread 4311,334.0912,569.94,282.57370000000003,0.029647554016862337
09/28/2021,Food 4312,3351.1378000000004,2588.3423999999995,2791.3537,0.15018605529849707
09/28/2021,Sides 4313,672.3842999999999,313.67920000000004,170.4334,0.038910846594543996
09/28/2021,Paper 4314,273.9552,272.91,276.72780000000006,0.0128873063057003
09/28/2021,Produce 4315,64.0121,903.59,291.6432,0.03224762433622387
09/28/2021,Beverage 4316,469.0073,309.36920000000003,414.8594,0.017342123730590023
09/28/2021,Catering 4320,178.7662,29.29,147.4303,0.0028922486977321763
09/28/2021,Operating Supplies 5220,0.0,0.0,0.0,0.0
09/28/2021,Sub Total COGS,5343.3541000000005,4987.1208,4375.0215,0.2841137589801498
09/28/2021,Discounted COGS,0.0,0.0,0.0,0.28423302519713517
10/05/2021,Bread 4311,282.57370000000003,599.0,302.5998,0.031993995467589284
10/05/2021,Food 4312,2791.3537,2892.801199999999,3286.6347,0.13248654285150635
10/05/2021,Sides 4313,170.4334,1067.7567000000001,665.6583,0.03163800615925993
10/05/2021,Paper 4314,276.72780000000006,295.54,345.1913,0.012548207288439153
10/05/2021,Produce 4315,291.6432,521.0699999999999,313.10519999999997,0.027608249849555132
10/05/2021,Beverage 4316,414.8594,394.55,499.93799999999993,0.017101334911553894
10/05/2021,Catering 4320,147.4303,109.34,216.825,0.002207370223686241
10/05/2021,Operating Supplies 5220,0.0,0.0,0.0,0.0
10/05/2021,Sub Total COGS,4375.0215,5880.057899999999,5629.9523,0.25558370675159
10/05/2021,Discounted COGS,0.0,0.0,0.0,0.2557218563100916
10/12/2021,Bread 4311,302.5998,593.37,301.3503,0.029348389395835884
10/12/2021,Food 4312,3286.6347,2947.6019,3360.0985,0.14185764869165557
10/12/2021,Sides 4313,665.6583,501.8367999999999,423.6085,0.03671570408159236
10/12/2021,Paper 4314,345.1913,230.81,306.095,0.013321653919505327
10/12/2021,Produce 4315,313.10519999999997,291.68,391.91869999999994,0.01050636403839548
10/12/2021,Beverage 4316,499.93799999999993,320.40000000000003,460.95410000000004,0.01773796291543439
10/12/2021,Catering 4320,216.825,0.0,151.3483,0.003231706474399725
10/12/2021,Operating Supplies 5220,0.0,0.0,0.0,0.0
10/12/2021,Sub Total COGS,5629.9523,4885.6987,5395.3733999999995,0.25271942951681875
10/12/2021,Discounted COGS,0.0,0.0,0.0,0.2528428209856313
10/19/2021,Bread 4311,301.3503,540.88,292.97229999999996,0.028589259651760044
10/19/2021,Food 4312,3360.0985,3059.8577999999993,3384.0518,0.15802093374779563
10/19/2021,Sides 4313,423.6085,935.1263999999999,447.1749,0.04744732990353965
10/19/2021,Paper 4314,306.095,176.06,256.433,0.01174898657300318
10/19/2021,Produce 4315,391.91869999999994,494.54,326.074,0.029168412099912337
10/19/2021,Beverage 4316,460.95410000000004,331.64000000000004,502.16030000000006,0.01511728062194332
10/19/2021,Catering 4320,151.3483,40.99,168.26670000000001,0.0012529434667010889
10/19/2021,Operating Supplies 5220,0.0,0.0,0.0,0.0
10/19/2021,Sub Total COGS,5395.3733999999995,5579.0942,5377.133000000001,0.2913451460646553
10/19/2021,Discounted COGS,0.0,0.0,0.0,0.2914752727976831
10/26/2021,Bread 4311,292.97229999999996,628.0600000000001,322.6366,0.028731548705942685
10/26/2021,Food 4312,3384.0518,2400.1985999999997,3020.4813000000004,0.1327004296799415
10/26/2021,Sides 4313,447.1749,1009.56,686.9580000000001,0.03696029649788521
10/26/2021,Paper 4314,256.433,204.2,206.75459999999998,0.01218979283271387
10/26/2021,Produce 4315,326.074,725.95,340.32399999999996,0.03417177498772036
10/26/2021,Beverage 4316,502.16030000000006,389.09000000000003,478.4448,0.019820565771664182
10/26/2021,Catering 4320,168.26670000000001,74.6,122.6913,0.0057701373160872396
10/26/2021,Operating Supplies 5220,0.0,0.0,0.0,0.0
10/26/2021,Sub Total COGS,5377.133000000001,5431.6586,5178.2906,0.27034454579195505
10/26/2021,Discounted COGS,0.0,0.0,0.0,0.27046458153379754
11/02/2021,Bread 4311,322.6366,540.88,299.2733,0.02916147301168591
11/02/2021,Food 4312,3020.4813000000004,3106.6786999999995,3644.208400000001,0.12832500815290557
11/02/2021,Sides 4313,686.9580000000001,511.28839999999997,514.4519,0.03534017126528444
11/02/2021,Paper 4314,206.75459999999998,233.57999999999998,222.25169999999997,0.011271057365962872
11/02/2021,Produce 4315,340.32399999999996,633.54,363.64910000000003,0.03153739767522028
11/02/2021,Beverage 4316,478.4448,401.30000000000007,551.0713,0.016986649907772683
11/02/2021,Catering 4320,122.6913,137.02,205.1594,0.0028193755416966206
11/02/2021,Operating Supplies 5220,0.0,0.0,0.0,0.0
11/02/2021,Sub Total COGS,5178.2906,5564.2871000000005,5800.0651,0.2554411329205284
11/02/2021,Discounted COGS,0.0,0.0,0.0,0.2555703390316675
11/09/2021,Bread 4311,299.2733,555.41,287.9665,0.030541962291199033
11/09/2021,Food 4312,3644.208400000001,2090.6111000000005,3039.2727000000014,0.14527059850663018
11/09/2021,Sides 4313,514.4519,759.5735999999999,672.9761,0.03239224266855651
11/09/2021,Paper 4314,222.25169999999997,227.85999999999999,231.73039999999997,0.01176918247297949
11/09/2021,Produce 4315,363.64910000000003,531.8,355.92319999999995,0.029076568213480217
11/09/2021,Beverage 4316,551.0713,336.64000000000004,557.0254,0.01782159323321845
11/09/2021,Catering 4320,205.1594,0.0,153.3357,0.002792924951563835
11/09/2021,Operating Supplies 5220,0.0,0.0,0.0,0.0
11/09/2021,Sub Total COGS,5800.0651,4501.894700000001,5298.230000000001,0.26966507233762776
11/09/2021,Discounted COGS,0.0,0.0,0.0,0.26988064358796787
11/16/2021,Bread 4311,287.9665,540.88,276.86389999999994,0.0293115550110798
11/16/2021,Food 4312,3039.2727000000014,2379.5894000000003,3071.3183,0.12466001507043768
11/16/2021,Sides 4313,672.9761,679.2099999999999,663.6759,0.03656148690735823
11/16/2021,Paper 4314,231.73039999999997,305.24,286.0139,0.013326371619572874
11/16/2021,Produce 4315,355.92319999999995,590.9298,368.07770000000005,0.03073430946012467
11/16/2021,Beverage 4316,557.0254,271.70000000000005,444.6315,0.020396276040712487
11/16/2021,Catering 4320,153.3357,38.32,135.3493,0.0029900003026832067
11/16/2021,Operating Supplies 5220,0.0,0.0,0.0,0.0
11/16/2021,Sub Total COGS,5298.230000000001,4805.8692,5245.9304999999995,0.25798001441196894
11/16/2021,Discounted COGS,0.0,0.0,0.0,0.2581924236800225
11/23/2021,Bread 4311,276.86389999999994,564.31,254.3281,0.030803791279134157
11/23/2021,Food 4312,3071.3183,2648.333199999999,2741.5563000000006,0.1563215123124188
11/23/2021,Sides 4313,663.6759,599.4123999999999,565.8116,0.036600357249900135
11/23/2021,Paper 4314,286.0139,368.69,399.11039999999997,0.013416213980407423
11/23/2021,Produce 4315,368.07770000000005,292.73,73.5854,0.030823553927885498
11/23/2021,Beverage 4316,444.6315,387.09000000000003,525.6291000000001,0.016066923204918985
11/23/2021,Catering 4320,135.3493,138.62,233.0028,0.0021503494025801135
11/23/2021,Operating Supplies 5220,0.0,0.0,0.0,0.0
11/23/2021,Sub Total COGS,5245.9304999999995,4999.185599999998,4793.023700000002,0.28618270135724516
11/23/2021,Discounted COGS,0.0,0.0,0.0,0.286392663096967
11/30/2021,Bread 4311,254.3281,439.17,205.79579999999999,0.03191564284489608
11/30/2021,Food 4312,2741.5563000000006,2060.6294000000003,2718.011200000001,0.13639010717898983
11/30/2021,Sides 4313,565.8116,486.1904,505.1174,0.03578858162238286
11/30/2021,Paper 4314,399.11039999999997,210.76,415.89809999999994,0.012693708126049513
11/30/2021,Produce 4315,73.5854,836.36,381.22119999999995,0.034600149990380205
11/30/2021,Beverage 4316,525.6291000000001,203.29000000000002,456.49369999999993,0.017827744032123605
11/30/2021,Catering 4320,233.0028,0.0,203.9557,0.0019008663056950537
11/30/2021,Operating Supplies 5220,0.0,0.0,0.0,0.0
11/30/2021,Sub Total COGS,4793.023700000002,4236.399800000001,4886.493100000001,0.2711168001005172
11/30/2021,Discounted COGS,0.0,0.0,0.0,0.2713785634167444
12/07/2021,Bread 4311,205.79579999999999,633.6899999999999,264.0013,0.02932548547597742
12/07/2021,Food 4312,2718.011200000001,3165.418999999999,3103.3664000000003,0.14166623182586252
12/07/2021,Sides 4313,505.1174,704.1899999999999,445.9816,0.03889748492155539
12/07/2021,Paper 4314,415.89809999999994,215.4,373.6314000000001,0.013130155666213474
12/07/2021,Produce 4315,381.22119999999995,483.46,319.2297,0.027795066663133583
12/07/2021,Beverage 4316,456.49369999999993,366.1,444.3178,0.019276148030680732
12/07/2021,Catering 4320,203.9557,0.0,150.1471,0.002741973620110844
12/07/2021,Operating Supplies 5220,0.0,0.0,0.0,0.0
12/07/2021,Sub Total COGS,4886.493100000001,5568.258999999999,5100.6753,0.272832546203534
12/07/2021,Discounted COGS,0.0,0.0,0.0,0.2730618567838223
12/14/2021,Bread 4311,264.0013,607.9,284.8549,0.02988908309883034
12/14/2021,Food 4312,3103.3664000000003,2324.5465,2999.2344000000003,0.12365457569766654
12/14/2021,Sides 4313,445.9816,616.77,303.34049999999996,0.038664918946908045
12/14/2021,Paper 4314,373.6314000000001,336.4,444.5814,0.013515212951794812
12/14/2021,Produce 4315,319.2297,398.4,299.2391,0.02130208346592277
12/14/2021,Beverage 4316,444.3178,389.09000000000003,498.1496,0.017069451749238698
12/14/2021,Catering 4320,150.1471,105.00999999999999,205.41950000000003,0.002532357339277411
12/14/2021,Operating Supplies 5220,0.0,0.0,0.0,0.0
12/14/2021,Sub Total COGS,5100.6753,4778.1165,5034.819399999999,0.24662768324963863
12/14/2021,Discounted COGS,0.0,0.0,0.0,0.24685679780335146
12/21/2021,Bread 4311,284.8549,628.0600000000001,308.1618,0.029935026846099357
12/21/2021,Food 4312,2999.2344000000003,2393.1455999999994,2655.6800999999996,0.13546550646241817
12/21/2021,Sides 4313,303.34049999999996,819.3,348.4978,0.038319741572572084
12/21/2021,Paper 4314,444.5814,205.04,383.3741,0.013179130579407481
12/21/2021,Produce 4315,299.2391,347.84,252.6634,0.019523413055713264
12/21/2021,Beverage 4316,498.1496,362.35,484.8450000000001,0.018594746411156417
12/21/2021,Catering 4320,205.41950000000003,32.01,183.1698,0.002685832575577203
12/21/2021,Operating Supplies 5220,0.0,0.0,0.0,0.0
12/21/2021,Sub Total COGS,5034.819399999999,4787.7456,4616.391999999999,0.25770339750294396
12/21/2021,Discounted COGS,0.0,0.0,0.0,0.257926145630746
12/28/2021,Bread 4311,308.1618,497.29,341.9694,0.03187680710876353
12/28/2021,Food 4312,2655.6800999999996,2302.1593,2898.0378000000005,0.14166643282576089
12/28/2021,Sides 4313,348.4978,842.64,646.6998000000001,0.03744466911511849
12/28/2021,Paper 4314,383.3741,157.91,356.2803,0.01272395768855142
12/28/2021,Produce 4315,252.6634,292.98,268.98690000000005,0.01902753132780368
12/28/2021,Beverage 4316,484.8450000000001,382.34000000000003,578.3239000000001,0.019866923891662887
12/28/2021,Catering 4320,183.1698,74.6,196.94469999999998,0.0041833519030523144
12/28/2021,Operating Supplies 5220,0.0,0.0,0.0,0.0
12/28/2021,Sub Total COGS,4616.391999999999,4549.9193,5287.242800000001,0.2667896738607132
12/28/2021,Discounted COGS,0.0,0.0,0.0,0.2670991691770173
