week_ending_date,Sales Item,Revenue_USD,Quantity Sold,Wed - 1,Wed - 2,Thu - 3,Thu - 4,Fri - 5,Fri - 6,Sat - 7,Sat - 8,Sun - 9,Sun - 10,Mon - 11,Mon - 12,Tue - 13,Tue - 14
01/04/2022,IN-Sub,"3,036.28",1035.0,349.04,181.91,422.73,218.16,235.42,167.53,204.59,67.29,216.79,119.12,206.82,209.78,230.12,206.98
01/04/2022,IN-Club,"3,491.23",688.0,294.81,167.37,335.54,124.65,387.90,234.09,157.09,70.22,292.02,177.19,431.94,282.43,246.66,289.32
01/04/2022,IN-Pop,319.20,581.0,36.33,6.27,46.38,6.87,34.53,21.00,19.71,12.54,26.97,8.46,37.23,14.73,32.55,15.63
01/04/2022,IN-Side,606.30,1082.0,77.38,29.96,78.08,38.75,51.95,49.63,14.99,8.34,48.89,15.57,60.00,46.10,34.01,52.65
01/04/2022,DEL-Sub,857.14,205.0,71.28,37.80,103.37,45.38,49.99,0.00,33.56,11.38,34.68,57.67,111.36,20.69,179.10,100.88
01/04/2022,DEL-Club,900.79,194.0,96.53,28.32,105.63,62.86,41.34,0.00,41.41,49.06,48.99,42.86,129.53,35.21,169.99,49.06
01/04/2022,DEL-Pop,130.53,177.0,9.66,12.54,27.97,6.87,10.06,0.00,5.18,0.30,12.45,0.30,6.87,1.20,26.78,10.35
01/04/2022,DEL-Side,255.26,332.0,29.42,3.42,45.06,16.31,14.18,0.00,7.93,3.01,11.40,12.96,29.29,6.20,55.26,20.82
01/04/2022,Party Sub,0.00,0.0,0.00,0.00,0.00,0.00,0.00,0.00,0.00,0.00,0.00,0.00,0.00,0.00,0.00,0.00
01/04/2022,Day Old Bread,7.50,15.0,0.00,0.00,2.00,0.00,2.00,0.00,2.00,0.00,0.00,0.00,0.00,0.00,0.00,1.50
01/04/2022,Fresh Bread,10.00,5.0,0.00,0.00,2.00,0.00,0.00,0.00,0.00,0.00,0.00,6.00,2.00,0.00,0.00,0.00
01/04/2022,Cookie,232.65,162.0,12.72,12.89,28.62,11.30,19.25,9.54,11.13,7.95,14.31,15.90,25.44,7.95,27.03,28.62
01/04/2022,Combos / Kids 1/2 off,"4,950.20",551.0,739.66,166.42,671.40,175.22,549.88,100.60,363.86,63.84,246.35,144.75,643.63,299.21,607.87,177.51
01/04/2022,Box Lunch,796.64,143.0,45.16,10.29,25.58,0.00,40.16,0.00,20.58,0.00,0.00,0.00,0.00,0.00,29.87,625.00
01/04/2022,Platters / Mini Jimmys,234.95,12.0,0.00,41.99,0.00,0.00,192.96,0.00,0.00,0.00,0.00,0.00,0.00,0.00,0.00,0.00
01/04/2022,Delivery Fee,322.35,256.0,36.99,13.49,35.24,16.48,22.50,0.75,13.49,8.99,20.24,19.47,49.99,14.25,50.98,19.49
01/04/2022,Other,0.00,78.0,0.00,0.00,0.00,0.00,0.00,0.00,0.00,0.00,0.00,0.00,0.00,0.00,0.00,0.00
01/04/2022,Modifiers,619.00,4200.0,57.40,36.38,87.28,51.08,57.19,34.99,25.07,19.14,34.91,31.32,44.45,38.35,59.01,42.43
01/04/2022,Total of Above,"16,770.02",0.0,"1,856.38",749.05,"2,016.88",773.93,"1,709.31",618.13,920.59,322.06,"1,008.00",651.57,"1,778.55",976.10,"1,749.23","1,640.24"
01/04/2022,- OVER-RINGS,0.00,0.0,0.00,0.00,0.00,0.00,0.00,0.00,0.00,0.00,0.00,0.00,0.00,0.00,0.00,0.00
01/04/2022,= Adjusted Sales,"16,770.02",0.0,"1,856.38",749.05,"2,016.88",773.93,"1,709.31",618.13,920.59,322.06,"1,008.00",651.57,"1,778.55",976.10,"1,749.23","1,640.24"
01/04/2022,- Net Employee Freebies,62.82,0.0,0.00,0.00,12.64,0.00,0.00,10.17,0.00,0.00,0.00,19.18,0.00,10.66,0.00,10.17
01/04/2022,- Net Manager Freebies,55.98,0.0,19.33,0.00,0.00,0.00,0.00,12.75,0.00,0.00,0.00,0.00,0.00,0.00,0.00,23.90
01/04/2022,- Sampling,0.00,0.0,0.00,0.00,0.00,0.00,0.00,0.00,0.00,0.00,0.00,0.00,0.00,0.00,0.00,0.00
01/04/2022,- Waste,0.00,0.0,0.00,0.00,0.00,0.00,0.00,0.00,0.00,0.00,0.00,0.00,0.00,0.00,0.00,0.00
01/04/2022,- Other Promo,92.75,0.0,6.89,0.00,0.00,0.00,61.99,0.00,16.98,0.00,0.00,0.00,0.00,6.89,0.00,0.00
01/04/2022,- Loyalty / Coupon,299.04,0.0,14.05,10.66,24.50,13.54,35.33,0.00,1.39,13.27,6.06,4.17,65.53,33.98,45.49,31.07
01/04/2022,= Royalty Sales,"16,259.43",0.0,"1,816.11",738.39,"1,979.74",760.39,"1,611.99",595.21,902.22,308.79,"1,001.94",628.22,"1,713.02",924.57,"1,703.74","1,575.10"
01/04/2022,+ Other Tax/Fee,0.00,0.0,0.00,0.00,0.00,0.00,0.00,0.00,0.00,0.00,0.00,0.00,0.00,0.00,0.00,0.00
01/04/2022,+ Sales Tax,"1,311.26",0.0,146.52,59.53,160.16,61.01,130.98,49.05,73.30,24.62,80.99,49.81,137.06,74.95,135.43,127.85
01/04/2022,- Over Rings Tax,0.00,0.0,0.00,0.00,0.00,0.00,0.00,0.00,0.00,0.00,0.00,0.00,0.00,0.00,0.00,0.00
01/04/2022,- Freebie/Promo Tax,0.00,0.0,0.00,0.00,0.00,0.00,0.00,0.00,0.00,0.00,0.00,0.00,0.00,0.00,0.00,0.00
01/04/2022,- Cash Payouts,409.18,0.0,30.89,24.77,34.31,22.41,7.97,31.61,0.00,30.54,15.90,27.91,73.91,42.22,22.94,43.80
01/04/2022,- A/R Due,0.00,0.0,0.00,0.00,0.00,0.00,0.00,0.00,0.00,0.00,0.00,0.00,0.00,0.00,0.00,0.00
01/04/2022,+ A/R Paid,0.00,0.0,0.00,0.00,0.00,0.00,0.00,0.00,0.00,0.00,0.00,0.00,0.00,0.00,0.00,0.00
01/04/2022,+ A/R Drivers,0.00,0.0,-75.19,75.19,-48.13,48.13,-151.68,151.68,-40.32,40.32,14.55,-14.55,41.55,-41.55,-29.45,29.45
01/04/2022,- A/R Due CC (InShop) V/MC/D,"8,743.80",0.0,974.25,393.49,"1,142.77",413.41,931.03,397.13,538.83,71.62,509.89,257.78,727.40,560.66,727.06,"1,098.48"
01/04/2022,- A/R Due CC (InShop) Amex,227.53,0.0,27.43,0.00,10.27,0.00,20.52,0.00,14.57,0.00,36.27,0.00,34.57,0.00,17.51,66.39
01/04/2022,- A/R Due CC (MOTO) V/MC/D,262.47,0.0,11.02,22.01,29.44,0.00,47.93,0.00,0.00,40.92,16.01,13.22,14.92,0.00,47.90,19.10
01/04/2022,- A/R Due CC (MOTO) Amex,0.00,0.0,0.00,0.00,0.00,0.00,0.00,0.00,0.00,0.00,0.00,0.00,0.00,0.00,0.00,0.00
01/04/2022,- A/R Due CC (ONLINE) V/MC/D,"6,299.84",0.0,712.74,222.43,771.90,265.24,517.98,125.72,294.59,140.62,407.10,318.50,903.90,440.89,814.23,364.00
01/04/2022,- A/R Due CC (ONLINE) Amex,261.19,0.0,48.80,9.94,42.25,0.00,14.58,9.74,14.26,0.00,0.00,51.82,42.41,0.00,27.39,0.00
01/04/2022,- Other Payment Types,635.92,0.0,35.41,40.81,57.02,86.14,40.95,0.00,19.03,23.59,44.54,51.07,17.36,20.15,138.66,61.19
01/04/2022,+ Gift Cards Issued,20.00,0.0,0.00,0.00,0.00,0.00,0.00,0.00,0.00,0.00,0.00,0.00,0.00,0.00,0.00,20.00
01/04/2022,- Gift Cards Redeemed,117.47,0.0,41.57,2.19,5.00,0.00,10.38,0.00,28.21,6.16,0.00,0.00,10.27,0.00,13.69,0.00
01/04/2022,+ NSF Deposit,0.00,0.0,0.00,0.00,0.00,0.00,0.00,0.00,0.00,0.00,0.00,0.00,0.00,0.00,0.00,0.00
01/04/2022,= Expected Deposit,633.29,0.0,5.33,157.47,-1.19,82.33,-0.05,231.74,25.71,60.28,67.77,-56.82,66.89,-105.95,0.34,99.44
01/04/2022,Total Deposit,637.00,0.0,0.00,157.00,0.00,83.00,0.00,232.00,26.00,60.00,67.00,0.00,12.00,0.00,0.00,0.00
01/04/2022,Cash Over/(Under),3.71,0.0,-5.33,-0.47,1.19,0.67,0.05,0.26,0.29,-0.28,-0.77,56.82,-54.89,105.95,-0.34,-99.44
01/04/2022,# Of Sales,"1,141.00",0.0,132.00,48.00,154.00,50.00,110.00,41.00,63.00,22.00,62.00,47.00,129.00,62.00,146.00,75.00
01/04/2022,# Of Checks,0.00,0.0,0.00,0.00,0.00,0.00,0.00,0.00,0.00,0.00,0.00,0.00,0.00,0.00,0.00,0.00
01/04/2022,Shift Manager - Name,0,0.0,Ryan,mh,Ryan,Maddie,Ryan,mh,Maddie,mh,Maddie,mh,Maddie,mh,Ryan,Maddie
01/04/2022,Labor $,"5,195.65",0.0,542.82,295.15,470.35,304.11,454.55,207.04,387.09,168.38,336.53,239.73,494.58,347.67,561.70,385.92
01/04/2022,Labor %,30.98,0.0,29.24,39.40,23.32,39.29,26.59,33.50,42.05,52.28,33.39,36.79,27.81,35.62,32.11,23.53
01/04/2022,Labor OverTime $,295.13,0.0,0.00,0.00,0.00,0.00,0.00,0.00,0.00,0.00,0.00,0.00,0.00,0.00,0.00,0.00
01/04/2022,Total Online Orders,"6,167.28",0.0,691.96,242.25,761.03,262.86,507.45,133.32,291.95,131.57,398.87,345.48,880.84,402.79,772.05,344.86
01/04/2022,Online Cash,169.14,0.0,0.00,17.73,19.64,23.31,19.21,0.00,0.00,0.00,22.70,0.00,19.87,0.00,31.76,14.92
01/04/2022,PDQ/Mx Sales Check,"17,570.69",0.0,0.00,"2,760.55",0.00,"2,961.30",0.00,"2,387.23",0.00,"1,308.93",0.00,"1,760.96",0.00,"2,849.60",0.00,"3,542.12"
01/04/2022,PDQ/Mx Tax Check,"1,311.26",0.0,0.00,206.05,0.00,221.17,0.00,180.03,0.00,97.92,0.00,130.80,0.00,212.01,0.00,263.28
01/04/2022,Gift Cards Total,97.47,0.0,41.57,2.19,5.00,0.00,10.38,0.00,28.21,6.16,0.00,0.00,10.27,0.00,13.69,-20.00
01/11/2022,IN-Sub,"2,628.22",971.0,157.18,172.73,116.52,84.67,241.41,105.24,226.45,125.89,514.38,82.38,154.55,214.15,223.19,209.48
01/11/2022,IN-Club,"3,353.14",653.0,286.62,173.57,369.30,130.91,225.19,261.76,237.10,140.50,301.16,193.96,232.88,284.36,262.45,253.38
01/11/2022,IN-Pop,294.83,564.0,31.95,8.46,43.59,6.27,18.42,19.71,24.48,19.80,29.27,16.62,22.71,14.43,23.79,15.33
01/11/2022,IN-Side,549.45,1037.0,67.73,32.82,46.88,14.39,46.91,35.60,44.35,24.40,74.91,17.17,31.15,37.53,46.34,29.27
01/11/2022,DEL-Sub,"1,030.11",243.0,150.23,66.40,121.13,41.09,162.97,41.07,56.09,22.76,53.94,41.19,137.38,28.25,107.61,0.00
01/11/2022,DEL-Club,"1,171.50",219.0,49.75,75.79,131.04,43.62,113.28,85.09,48.99,47.54,58.65,110.38,171.79,61.32,174.26,0.00
01/11/2022,DEL-Pop,173.55,203.0,15.33,6.87,18.92,3.09,17.93,3.39,9.66,8.16,7.17,6.37,18.62,8.46,49.58,0.00
01/11/2022,DEL-Side,341.09,408.0,40.66,8.34,48.04,9.87,53.59,19.89,20.21,7.93,14.35,15.26,36.19,10.52,56.24,0.00
01/11/2022,Party Sub,0.00,0.0,0.00,0.00,0.00,0.00,0.00,0.00,0.00,0.00,0.00,0.00,0.00,0.00,0.00,0.00
01/11/2022,Day Old Bread,7.50,15.0,0.00,0.50,0.50,0.00,1.00,0.00,0.00,1.00,0.00,0.00,0.00,0.50,3.00,1.00
01/11/2022,Fresh Bread,22.00,11.0,2.00,6.00,0.00,0.00,6.00,0.00,0.00,0.00,0.00,0.00,0.00,0.00,0.00,8.00
01/11/2022,Cookie,269.39,204.0,30.21,17.49,25.44,8.29,40.09,20.67,20.67,6.36,7.95,9.54,25.44,7.95,27.03,22.26
01/11/2022,Combos / Kids 1/2 off,"4,955.42",555.0,500.43,186.09,542.58,140.54,518.26,283.66,544.17,133.86,489.48,157.94,475.44,155.74,587.79,239.44
01/11/2022,Box Lunch,962.15,160.0,9.29,0.00,9.29,0.00,0.00,0.00,0.00,0.00,9.29,0.00,0.00,0.00,274.12,660.16
01/11/2022,Platters / Mini Jimmys,91.98,2.0,55.99,0.00,0.00,0.00,0.00,0.00,0.00,35.99,0.00,0.00,0.00,0.00,0.00,0.00
01/11/2022,Delivery Fee,357.38,309.0,36.98,17.25,40.49,17.23,46.49,15.00,20.98,9.00,19.49,17.24,49.50,14.99,52.74,0.00
01/11/2022,Other,0.00,72.0,0.00,0.00,0.00,0.00,0.00,0.00,0.00,0.00,0.00,0.00,0.00,0.00,0.00,0.00
01/11/2022,Modifiers,570.00,4336.0,59.47,45.61,56.85,17.43,51.88,16.32,52.10,14.53,77.92,28.02,54.69,16.12,61.10,17.96
01/11/2022,Total of Above,"16,777.71",0.0,"1,493.82",817.92,"1,570.57",517.40,"1,543.42",907.40,"1,305.25",597.72,"1,657.96",696.07,"1,410.34",854.32,"1,949.24","1,456.28"
01/11/2022,- OVER-RINGS,0.00,0.0,0.00,0.00,0.00,0.00,0.00,0.00,0.00,0.00,0.00,0.00,0.00,0.00,0.00,0.00
01/11/2022,= Adjusted Sales,"16,777.71",0.0,"1,493.82",817.92,"1,570.57",517.40,"1,543.42",907.40,"1,305.25",597.72,"1,657.96",696.07,"1,410.34",854.32,"1,949.24","1,456.28"
01/11/2022,- Net Employee Freebies,92.46,0.0,17.74,0.00,4.98,0.00,13.36,30.71,0.00,0.00,0.00,18.98,0.00,0.00,6.69,0.00
01/11/2022,- Net Manager Freebies,74.35,0.0,23.41,0.00,31.79,0.00,0.00,0.00,10.66,0.00,0.00,8.49,0.00,0.00,0.00,0.00
01/11/2022,- Sampling,0.00,0.0,0.00,0.00,0.00,0.00,0.00,0.00,0.00,0.00,0.00,0.00,0.00,0.00,0.00,0.00
01/11/2022,- Waste,0.00,0.0,0.00,0.00,0.00,0.00,0.00,0.00,0.00,0.00,0.00,0.00,0.00,0.00,0.00,0.00
01/11/2022,- Other Promo,8.38,0.0,5.69,0.00,0.00,0.00,0.00,0.00,0.00,2.69,0.00,0.00,0.00,0.00,0.00,0.00
01/11/2022,- Loyalty / Coupon,426.17,0.0,33.13,20.28,49.60,10.54,41.75,6.95,36.24,20.26,27.54,27.73,46.78,24.13,63.65,17.59
01/11/2022,= Royalty Sales,"16,176.35",0.0,"1,413.85",797.64,"1,484.20",506.86,"1,488.31",869.74,"1,258.35",574.77,"1,630.42",640.87,"1,363.56",830.19,"1,878.90","1,438.69"
01/11/2022,+ Other Tax/Fee,0.00,0.0,0.00,0.00,0.00,0.00,0.00,0.00,0.00,0.00,0.00,0.00,0.00,0.00,0.00,0.00
01/11/2022,+ Sales Tax,"1,300.68",0.0,112.71,64.41,118.67,39.75,118.27,70.40,101.45,46.69,132.83,51.20,108.15,67.01,150.43,118.71
01/11/2022,- Over Rings Tax,0.00,0.0,0.00,0.00,0.00,0.00,0.00,0.00,0.00,0.00,0.00,0.00,0.00,0.00,0.00,0.00
01/11/2022,- Freebie/Promo Tax,0.00,0.0,0.00,0.00,0.00,0.00,0.00,0.00,0.00,0.00,0.00,0.00,0.00,0.00,0.00,0.00
01/11/2022,- Cash Payouts,395.13,0.0,37.70,21.25,15.48,55.40,18.85,55.62,0.00,32.35,17.00,28.92,36.66,32.61,25.94,17.35
01/11/2022,- A/R Due,0.00,0.0,0.00,0.00,0.00,0.00,0.00,0.00,0.00,0.00,0.00,0.00,0.00,0.00,0.00,0.00
01/11/2022,+ A/R Paid,0.00,0.0,0.00,0.00,0.00,0.00,0.00,0.00,0.00,0.00,0.00,0.00,0.00,0.00,0.00,0.00
01/11/2022,+ A/R Drivers,0.00,0.0,-33.00,33.00,3.01,-3.01,48.60,-48.60,-22.67,22.67,3.12,-3.12,24.58,-24.58,55.70,-55.70
01/11/2022,- A/R Due CC (InShop) V/MC/D,"8,320.57",0.0,647.37,410.44,668.44,223.37,634.42,346.84,796.12,364.24,"1,100.74",332.31,540.85,428.60,595.39,"1,231.44"
01/11/2022,- A/R Due CC (InShop) Amex,263.87,0.0,17.60,20.55,0.00,8.21,30.05,14.92,0.00,0.00,21.61,0.00,67.52,26.49,36.71,20.21
01/11/2022,- A/R Due CC (MOTO) V/MC/D,554.28,0.0,24.68,36.65,94.07,24.01,25.51,64.71,0.00,11.21,29.92,0.00,122.30,24.17,32.45,64.60
01/11/2022,- A/R Due CC (MOTO) Amex,27.67,0.0,0.00,0.00,0.00,0.00,0.00,0.00,0.00,27.67,0.00,0.00,0.00,0.00,0.00,0.00
01/11/2022,- A/R Due CC (ONLINE) V/MC/D,"7,052.00",0.0,633.74,371.12,736.15,165.81,811.16,424.34,485.40,210.11,494.71,352.26,703.67,307.42,"1,276.38",79.73
01/11/2022,- A/R Due CC (ONLINE) Amex,311.47,0.0,26.25,0.00,16.87,11.18,35.41,18.15,0.00,0.00,31.94,0.00,31.88,12.54,109.32,17.93
01/11/2022,- Other Payment Types,644.44,0.0,102.22,0.00,75.44,67.46,100.26,80.26,44.45,0.00,44.31,49.53,23.90,21.01,35.60,0.00
01/11/2022,+ Gift Cards Issued,120.00,0.0,0.00,0.00,0.00,0.00,0.00,100.00,0.00,0.00,0.00,0.00,0.00,0.00,20.00,0.00
01/11/2022,- Gift Cards Redeemed,24.52,0.0,4.25,0.00,0.00,10.27,0.00,0.00,10.00,0.00,0.00,0.00,0.00,0.00,0.00,0.00
01/11/2022,+ NSF Deposit,0.00,0.0,0.00,0.00,0.00,0.00,0.00,0.00,0.00,0.00,0.00,0.00,0.00,0.00,0.00,0.00
01/11/2022,= Expected Deposit,3.08,0.0,-0.25,35.04,-0.57,-22.11,-0.48,-13.30,1.16,-1.45,26.14,-74.07,-30.49,19.78,-6.76,70.44
01/11/2022,Total Deposit,84.00,0.0,0.00,14.00,0.00,0.00,0.00,0.00,0.00,0.00,0.00,0.00,0.00,0.00,0.00,70.00
01/11/2022,Cash Over/(Under),80.92,0.0,0.25,-21.04,0.57,22.11,0.48,13.30,-1.16,1.45,-26.14,74.07,30.49,-19.78,6.76,-0.44
01/11/2022,# Of Sales,"1,172.00",0.0,119.00,55.00,123.00,44.00,125.00,60.00,87.00,45.00,89.00,51.00,120.00,60.00,137.00,57.00
01/11/2022,# Of Checks,0.00,0.0,0.00,0.00,0.00,0.00,0.00,0.00,0.00,0.00,0.00,0.00,0.00,0.00,0.00,0.00
01/11/2022,Shift Manager - Name,0,0.0,Ryan,Maddie,Ryan,Maddie,Ryan,mh,Ryan,mh,Maddie,mh,Maddie,mh,Ryan,Maddie
01/11/2022,Labor $,"4,975.23",0.0,503.29,249.88,486.30,287.76,464.53,259.60,367.10,193.87,366.13,222.83,499.34,255.69,474.94,343.97
01/11/2022,Labor %,29.65,0.0,33.69,30.55,30.96,55.62,30.10,28.61,28.13,32.43,22.08,32.01,35.41,29.93,24.37,23.62
01/11/2022,Labor OverTime $,192.27,0.0,0.00,0.00,0.00,0.00,0.00,0.00,0.00,0.00,0.00,0.00,0.00,0.00,0.00,0.00
01/11/2022,Total Online Orders,"6,768.97",0.0,595.63,352.96,676.30,159.84,746.59,429.51,445.11,183.80,526.85,316.81,670.50,291.12,"1,276.29",97.66
01/11/2022,Online Cash,94.03,0.0,0.00,14.19,0.00,0.00,5.50,19.43,0.00,0.00,33.75,0.00,21.16,0.00,0.00,0.00
01/11/2022,PDQ/Mx Sales Check,"17,477.03",0.0,0.00,"2,388.61",0.00,"2,149.48",0.00,"2,546.72",0.00,"1,981.26",0.00,"2,455.32",0.00,"2,368.91",0.00,"3,586.73"
01/11/2022,PDQ/Mx Tax Check,"1,300.68",0.0,0.00,177.12,0.00,158.42,0.00,188.67,0.00,148.14,0.00,184.03,0.00,175.16,0.00,269.14
01/11/2022,Gift Cards Total,-95.48,0.0,4.25,0.00,0.00,10.27,0.00,-100.00,10.00,0.00,0.00,0.00,0.00,0.00,-20.00,0.00
01/18/2022,IN-Sub,"2,364.04",895.0,166.96,122.60,146.48,173.83,276.49,160.84,312.41,0.00,329.28,94.15,215.37,70.70,97.35,197.58
01/18/2022,IN-Club,"3,761.43",755.0,321.16,276.86,369.99,239.77,396.86,251.37,341.23,0.00,245.97,178.97,382.28,143.31,386.29,227.37
01/18/2022,IN-Pop,376.83,614.0,41.31,6.87,22.80,22.59,49.47,37.71,43.59,0.00,37.53,11.25,39.12,10.35,38.91,15.33
01/18/2022,IN-Side,572.15,1063.0,51.17,20.93,44.76,25.25,61.03,48.52,61.35,0.00,50.30,19.25,60.63,21.49,56.47,51.00
01/18/2022,DEL-Sub,"1,056.32",262.0,193.46,74.03,116.91,59.87,85.37,44.94,88.68,0.00,35.38,41.86,135.04,22.47,89.08,69.23
01/18/2022,DEL-Club,"1,047.46",215.0,170.42,68.90,101.95,6.89,118.52,7.65,78.49,0.00,62.01,72.70,128.93,63.33,130.94,36.73
01/18/2022,DEL-Pop,135.29,175.0,13.53,4.08,14.64,2.09,13.74,0.00,9.06,0.00,4.98,11.45,14.04,0.60,29.86,17.22
01/18/2022,DEL-Side,346.65,401.0,83.28,18.71,34.97,10.86,44.01,3.91,22.81,0.00,16.73,17.14,32.93,3.27,40.04,17.99
01/18/2022,Party Sub,0.00,0.0,0.00,0.00,0.00,0.00,0.00,0.00,0.00,0.00,0.00,0.00,0.00,0.00,0.00,0.00
01/18/2022,Day Old Bread,8.00,16.0,0.50,0.00,1.50,0.00,4.50,0.00,1.00,0.00,0.00,0.00,0.00,0.00,0.50,0.00
01/18/2022,Fresh Bread,14.00,7.0,0.00,0.00,2.00,0.00,0.00,0.00,0.00,0.00,8.00,0.00,0.00,2.00,2.00,0.00
01/18/2022,Cookie,387.39,286.0,57.58,27.20,25.44,27.20,25.44,20.67,49.29,0.00,19.08,20.84,27.03,27.03,38.16,22.43
01/18/2022,Combos / Kids 1/2 off,"4,906.91",551.0,393.98,215.68,682.59,205.89,558.15,185.74,360.56,0.00,502.17,157.55,767.99,106.20,485.71,284.70
01/18/2022,Box Lunch,"1,024.47",168.0,19.58,256.12,0.00,0.00,48.45,29.87,0.00,0.00,0.00,0.00,0.00,0.00,20.58,649.87
01/18/2022,Platters / Mini Jimmys,489.89,13.0,111.98,0.00,0.00,0.00,227.94,0.00,113.98,0.00,0.00,0.00,0.00,0.00,35.99,0.00
01/18/2022,Delivery Fee,327.89,270.0,35.23,21.74,39.00,10.49,44.99,6.00,25.50,0.00,17.99,18.73,40.49,9.00,43.74,14.99
01/18/2022,Other,0.00,76.0,0.00,0.00,0.00,0.00,0.00,0.00,0.00,0.00,0.00,0.00,0.00,0.00,0.00,0.00
01/18/2022,Modifiers,578.60,4023.0,51.46,51.25,67.17,33.80,65.15,42.50,69.39,0.00,31.86,17.93,58.15,10.39,43.05,36.50
01/18/2022,Total of Above,"17,397.32",0.0,"1,711.60","1,164.97","1,670.20",818.53,"2,020.11",839.72,"1,577.34",0.00,"1,361.28",661.82,"1,902.00",490.14,"1,538.67","1,640.94"
01/18/2022,- OVER-RINGS,0.00,0.0,0.00,0.00,0.00,0.00,0.00,0.00,0.00,0.00,0.00,0.00,0.00,0.00,0.00,0.00
01/18/2022,= Adjusted Sales,"17,397.32",0.0,"1,711.60","1,164.97","1,670.20",818.53,"2,020.11",839.72,"1,577.34",0.00,"1,361.28",661.82,"1,902.00",490.14,"1,538.67","1,640.94"
01/18/2022,- Net Employee Freebies,90.31,0.0,20.01,8.48,15.29,0.00,22.50,9.69,8.76,0.00,0.00,0.00,0.00,0.00,5.58,0.00
01/18/2022,- Net Manager Freebies,42.54,0.0,0.00,0.00,0.00,21.32,0.00,8.47,0.00,0.00,0.00,0.00,0.00,0.00,0.00,12.75
01/18/2022,- Sampling,0.00,0.0,0.00,0.00,0.00,0.00,0.00,0.00,0.00,0.00,0.00,0.00,0.00,0.00,0.00,0.00
01/18/2022,- Waste,38.35,0.0,0.00,0.00,0.00,0.00,0.00,38.35,0.00,0.00,0.00,0.00,0.00,0.00,0.00,0.00
01/18/2022,- Other Promo,36.52,0.0,9.00,9.59,0.00,3.45,0.00,0.00,4.99,0.00,0.00,0.00,9.49,0.00,0.00,0.00
01/18/2022,- Loyalty / Coupon,422.67,0.0,18.55,49.34,32.14,13.19,56.12,18.93,39.45,0.00,33.74,10.09,48.87,22.79,61.24,18.22
01/18/2022,= Royalty Sales,"16,766.93",0.0,"1,664.04","1,097.56","1,622.77",780.57,"1,941.49",764.28,"1,524.14",0.00,"1,327.54",651.73,"1,843.64",467.35,"1,471.85","1,609.97"
01/18/2022,+ Other Tax/Fee,0.00,0.0,0.00,0.00,0.00,0.00,0.00,0.00,0.00,0.00,0.00,0.00,0.00,0.00,0.00,0.00
01/18/2022,+ Sales Tax,"1,352.71",0.0,134.47,88.48,130.60,63.26,156.21,62.40,123.61,0.00,107.76,51.84,147.81,37.83,117.34,131.10
01/18/2022,- Over Rings Tax,0.00,0.0,0.00,0.00,0.00,0.00,0.00,0.00,0.00,0.00,0.00,0.00,0.00,0.00,0.00,0.00
01/18/2022,- Freebie/Promo Tax,0.00,0.0,0.00,0.00,0.00,0.00,0.00,0.00,0.00,0.00,0.00,0.00,0.00,0.00,0.00,0.00
01/18/2022,- Cash Payouts,387.91,0.0,21.33,37.66,17.87,37.22,32.57,31.32,35.23,0.00,6.51,31.79,34.08,33.54,25.59,43.20
01/18/2022,- A/R Due,0.00,0.0,0.00,0.00,0.00,0.00,0.00,0.00,0.00,0.00,0.00,0.00,0.00,0.00,0.00,0.00
01/18/2022,+ A/R Paid,0.00,0.0,0.00,0.00,0.00,0.00,0.00,0.00,0.00,0.00,0.00,0.00,0.00,0.00,0.00,0.00
01/18/2022,+ A/R Drivers,0.00,0.0,-75.36,75.36,2.30,-2.30,-31.07,31.07,0.00,0.00,-6.19,6.19,-48.81,48.81,-42.14,42.14
01/18/2022,- A/R Due CC (InShop) V/MC/D,"8,750.37",0.0,773.34,740.42,756.79,424.96,762.34,457.97,888.50,0.00,798.62,228.88,991.41,209.47,489.37,"1,228.30"
01/18/2022,- A/R Due CC (InShop) Amex,506.85,0.0,153.33,9.19,41.08,27.23,96.09,16.06,3.25,0.00,35.98,40.42,7.65,10.78,65.79,0.00
01/18/2022,- A/R Due CC (MOTO) V/MC/D,"1,068.33",0.0,629.76,15.69,21.20,55.63,105.84,0.00,62.54,0.00,24.53,39.58,13.82,44.12,23.97,31.65
01/18/2022,- A/R Due CC (MOTO) Amex,0.00,0.0,0.00,0.00,0.00,0.00,0.00,0.00,0.00,0.00,0.00,0.00,0.00,0.00,0.00,0.00
01/18/2022,- A/R Due CC (ONLINE) V/MC/D,"6,373.26",0.0,32.45,372.90,761.67,207.63,985.06,317.87,623.24,0.00,501.00,297.95,813.22,217.54,864.16,378.57
01/18/2022,- A/R Due CC (ONLINE) Amex,310.38,0.0,0.00,14.17,114.16,0.00,66.75,0.00,34.61,0.00,0.00,7.46,0.00,0.00,26.29,46.94
01/18/2022,- Other Payment Types,471.52,0.0,99.30,16.12,22.30,45.38,18.35,14.83,0.00,0.00,22.56,65.43,63.39,0.00,51.14,52.72
01/18/2022,+ Gift Cards Issued,20.00,0.0,0.00,0.00,0.00,0.00,0.00,0.00,20.00,0.00,0.00,0.00,0.00,0.00,0.00,0.00
01/18/2022,- Gift Cards Redeemed,25.44,0.0,14.32,0.00,0.00,0.00,0.00,0.00,0.00,0.00,0.00,6.50,0.00,4.62,0.00,0.00
01/18/2022,+ NSF Deposit,0.00,0.0,0.00,0.00,0.00,0.00,0.00,0.00,0.00,0.00,0.00,0.00,0.00,0.00,0.00,0.00
01/18/2022,= Expected Deposit,245.58,0.0,-0.68,55.25,20.60,43.48,-0.37,19.70,20.38,0.00,39.91,-8.25,19.07,33.92,0.74,1.83
01/18/2022,Total Deposit,255.00,0.0,0.00,56.00,20.00,44.00,0.00,20.00,20.00,0.00,40.00,0.00,22.00,33.00,0.00,0.00
01/18/2022,Cash Over/(Under),9.42,0.0,0.68,0.75,-0.60,0.52,0.37,0.30,-0.38,0.00,0.09,8.25,2.93,-0.92,-0.74,-1.83
01/18/2022,# Of Sales,"1,143.00",0.0,105.00,66.00,126.00,59.00,137.00,56.00,93.00,0.00,82.00,43.00,136.00,44.00,130.00,66.00
01/18/2022,# Of Checks,0.00,0.0,0.00,0.00,0.00,0.00,0.00,0.00,0.00,0.00,0.00,0.00,0.00,0.00,0.00,0.00
01/18/2022,Shift Manager - Name,0,0.0,Ryan,Maddie,Ryan,Maddie,Ryan,mh,Ryan,0,Maddie,mh,Maddie,mh,Ryan,Maddie
01/18/2022,Labor $,"4,521.33",0.0,468.29,264.87,473.01,259.16,449.70,202.68,425.91,10.72,343.47,226.98,410.97,238.57,468.33,278.66
01/18/2022,Labor %,25.99,0.0,27.36,22.74,28.32,31.66,22.26,24.14,27.00,0.00,25.23,34.30,21.61,48.67,30.44,16.98
01/18/2022,Labor OverTime $,151.67,0.0,0.00,0.00,0.00,0.00,0.00,0.00,0.00,0.00,0.00,0.00,0.00,0.00,0.00,0.00
01/18/2022,Total Online Orders,"6,133.66",0.0,27.86,352.65,817.53,197.43,923.15,301.61,603.59,0.00,479.47,293.87,747.37,196.67,806.39,386.07
01/18/2022,Online Cash,62.66,0.0,0.00,15.97,25.32,0.00,0.00,0.00,0.00,0.00,0.00,11.43,9.94,0.00,0.00,0.00
01/18/2022,PDQ/Mx Sales Check,"18,128.64",0.0,-9.00,"2,993.55",0.00,"2,597.20",0.00,"2,924.38",0.00,"1,647.75",0.00,"2,138.87",0.00,"2,496.63",0.00,"3,330.26"
01/18/2022,PDQ/Mx Tax Check,"1,352.71",0.0,0.00,222.95,0.00,193.86,0.00,218.61,0.00,123.61,0.00,159.60,0.00,185.64,0.00,248.44
01/18/2022,Gift Cards Total,5.44,0.0,14.32,0.00,0.00,0.00,0.00,0.00,-20.00,0.00,0.00,6.50,0.00,4.62,0.00,0.00
01/25/2022,IN-Sub,"2,424.69",650.0,88.84,144.06,185.43,157.93,207.66,107.83,269.98,68.19,271.78,103.96,360.59,104.45,118.22,235.77
01/25/2022,IN-Club,"3,332.76",695.0,179.14,268.71,192.95,194.24,369.88,101.86,303.79,154.31,421.68,210.14,307.29,173.57,261.65,193.55
01/25/2022,IN-Pop,389.45,645.0,20.91,29.46,17.52,20.10,45.00,16.62,54.24,5.97,72.56,15.72,22.59,16.32,22.89,29.55
01/25/2022,IN-Side,479.80,863.0,13.00,30.16,43.53,14.66,51.29,20.75,47.91,10.50,61.58,38.22,52.27,31.97,32.21,31.75
01/25/2022,DEL-Sub,884.98,264.0,134.65,31.16,134.56,17.69,94.68,35.07,51.83,11.38,60.74,60.53,95.83,8.69,79.93,68.24
01/25/2022,DEL-Club,"1,514.09",298.0,205.32,53.21,173.84,90.42,230.30,27.56,62.08,0.00,69.04,67.52,219.10,14.54,206.11,95.05
01/25/2022,DEL-Pop,146.97,226.0,15.34,2.99,24.29,2.49,27.07,7.17,6.38,0.60,8.96,4.68,12.45,4.68,22.90,6.97
01/25/2022,DEL-Side,343.07,454.0,73.95,8.69,45.10,12.24,53.09,11.76,15.79,1.39,5.01,13.36,41.65,9.81,33.63,17.60
01/25/2022,Party Sub,0.00,0.0,0.00,0.00,0.00,0.00,0.00,0.00,0.00,0.00,0.00,0.00,0.00,0.00,0.00,0.00
01/25/2022,Day Old Bread,3.50,7.0,0.00,0.50,1.50,0.00,0.00,0.00,0.00,0.00,1.00,0.00,0.00,0.00,0.50,0.00
01/25/2022,Fresh Bread,20.00,10.0,0.00,2.00,0.00,0.00,6.00,2.00,6.00,0.00,2.00,0.00,0.00,0.00,0.00,2.00
01/25/2022,Cookie,285.46,190.0,15.90,15.90,36.74,20.84,27.20,14.31,20.84,4.77,39.75,12.72,23.85,23.85,20.84,7.95
01/25/2022,Combos / Kids 1/2 off,"5,594.10",624.0,541.43,263.34,534.66,220.38,549.52,339.37,773.81,82.32,675.20,169.44,539.55,195.40,552.25,157.43
01/25/2022,Box Lunch,100.19,11.0,35.16,0.00,8.29,20.58,0.00,17.58,0.00,0.00,0.00,0.00,0.00,0.00,9.29,9.29
01/25/2022,Platters / Mini Jimmys,313.94,10.0,123.98,0.00,0.00,0.00,0.00,41.99,0.00,0.00,0.00,147.97,0.00,0.00,0.00,0.00
01/25/2022,Delivery Fee,408.61,334.0,54.00,11.25,55.46,12.75,50.23,19.24,33.23,5.25,15.74,15.00,51.75,14.99,50.97,18.75
01/25/2022,Other,0.00,74.0,0.00,0.00,0.00,0.00,0.00,0.00,0.00,0.00,0.00,0.00,0.00,0.00,0.00,0.00
01/25/2022,Modifiers,571.78,4220.0,38.04,32.79,65.22,39.14,54.89,20.57,70.95,11.60,70.96,21.47,27.79,21.19,66.63,30.54
01/25/2022,Total of Above,"16,813.39",0.0,"1,539.66",894.22,"1,519.09",823.46,"1,766.81",783.68,"1,716.83",356.28,"1,776.00",880.73,"1,754.71",619.46,"1,478.02",904.44
01/25/2022,- OVER-RINGS,0.00,0.0,0.00,0.00,0.00,0.00,0.00,0.00,0.00,0.00,0.00,0.00,0.00,0.00,0.00,0.00
01/25/2022,= Adjusted Sales,"16,813.39",0.0,"1,539.66",894.22,"1,519.09",823.46,"1,766.81",783.68,"1,716.83",356.28,"1,776.00",880.73,"1,754.71",619.46,"1,478.02",904.44
01/25/2022,- Net Employee Freebies,82.85,0.0,15.51,0.00,23.28,0.00,21.62,0.00,8.48,0.00,0.00,0.00,0.00,0.00,13.96,0.00
01/25/2022,- Net Manager Freebies,74.90,0.0,0.00,0.00,12.75,11.15,12.75,0.00,12.75,0.00,0.00,0.00,12.75,0.00,12.75,0.00
01/25/2022,- Sampling,0.00,0.0,0.00,0.00,0.00,0.00,0.00,0.00,0.00,0.00,0.00,0.00,0.00,0.00,0.00,0.00
01/25/2022,- Waste,0.00,0.0,0.00,0.00,0.00,0.00,0.00,0.00,0.00,0.00,0.00,0.00,0.00,0.00,0.00,0.00
01/25/2022,- Other Promo,56.14,0.0,0.00,0.00,0.00,8.45,0.00,0.00,0.00,0.00,5.69,0.00,42.00,0.00,0.00,0.00
01/25/2022,- Loyalty / Coupon,474.75,0.0,43.71,42.31,25.35,18.30,59.22,13.43,47.88,7.08,30.26,23.46,63.03,18.97,52.67,29.08
01/25/2022,= Royalty Sales,"16,124.75",0.0,"1,480.44",851.91,"1,457.71",785.56,"1,673.22",770.25,"1,647.72",349.20,"1,740.05",857.27,"1,636.93",600.49,"1,398.64",875.36
01/25/2022,+ Other Tax/Fee,0.00,0.0,0.00,0.00,0.00,0.00,0.00,0.00,0.00,0.00,0.00,0.00,0.00,0.00,0.00,0.00
01/25/2022,+ Sales Tax,"1,289.97",0.0,116.86,69.22,113.82,63.20,133.03,61.85,132.77,28.38,141.48,69.27,130.72,48.29,110.55,70.53
01/25/2022,- Over Rings Tax,0.00,0.0,0.00,0.00,0.00,0.00,0.00,0.00,0.00,0.00,0.00,0.00,0.00,0.00,0.00,0.00
01/25/2022,- Freebie/Promo Tax,0.00,0.0,0.00,0.00,0.00,0.00,0.00,0.00,0.00,0.00,0.00,0.00,0.00,0.00,0.00,0.00
01/25/2022,- Cash Payouts,435.99,0.0,52.27,15.13,33.81,38.71,18.91,55.23,0.00,40.64,13.61,25.93,27.33,39.76,19.53,55.13
01/25/2022,- A/R Due,0.00,0.0,0.00,0.00,0.00,0.00,0.00,0.00,0.00,0.00,0.00,0.00,0.00,0.00,0.00,0.00
01/25/2022,+ A/R Paid,0.00,0.0,0.00,0.00,0.00,0.00,0.00,0.00,0.00,0.00,0.00,0.00,0.00,0.00,0.00,0.00
01/25/2022,+ A/R Drivers,0.00,0.0,0.00,0.00,24.08,-24.08,44.21,-44.21,-48.57,48.57,-12.33,12.33,-41.89,41.89,-38.81,38.81
01/25/2022,- A/R Due CC (InShop) V/MC/D,"7,212.49",0.0,539.44,391.81,455.34,354.21,572.79,452.63,947.26,256.04,"1,171.32",356.80,504.47,301.18,485.13,424.07
01/25/2022,- A/R Due CC (InShop) Amex,410.69,0.0,34.44,10.26,45.34,31.48,68.41,0.00,30.70,19.46,36.19,0.00,11.78,51.85,22.59,48.19
01/25/2022,- A/R Due CC (MOTO) V/MC/D,743.03,0.0,24.21,51.11,55.09,19.52,58.32,35.96,71.90,24.20,43.86,0.00,290.91,0.00,57.29,10.66
01/25/2022,- A/R Due CC (MOTO) Amex,12.69,0.0,0.00,0.00,12.69,0.00,0.00,0.00,0.00,0.00,0.00,0.00,0.00,0.00,0.00,0.00
01/25/2022,- A/R Due CC (ONLINE) V/MC/D,"7,366.00",0.0,629.83,457.18,896.08,335.26,"1,015.17",293.81,606.79,59.32,507.73,387.04,807.15,214.88,756.11,399.65
01/25/2022,- A/R Due CC (ONLINE) Amex,705.80,0.0,291.05,18.27,9.39,9.23,45.84,0.00,20.12,0.00,0.00,199.25,39.11,12.73,31.22,29.59
01/25/2022,- Other Payment Types,591.68,0.0,42.18,16.58,103.04,42.25,64.55,17.36,33.47,0.00,96.28,21.94,0.00,17.77,89.24,47.02
01/25/2022,+ Gift Cards Issued,0.00,0.0,0.00,0.00,0.00,0.00,0.00,0.00,0.00,0.00,0.00,0.00,0.00,0.00,0.00,0.00
01/25/2022,- Gift Cards Redeemed,164.08,0.0,12.85,9.71,11.77,0.00,7.46,31.08,22.71,0.00,0.00,0.00,42.79,17.50,8.21,0.00
01/25/2022,+ NSF Deposit,0.00,0.0,0.00,0.00,0.00,0.00,0.00,0.00,0.00,0.00,0.00,0.00,0.00,0.00,0.00,0.00
01/25/2022,= Expected Deposit,-227.73,0.0,-28.97,-48.92,-26.94,-5.98,-0.99,-98.18,-1.03,26.49,0.21,-52.09,2.22,35.00,1.06,-29.61
01/25/2022,Total Deposit,22.00,0.0,0.00,0.00,0.00,0.00,0.00,0.00,0.00,22.00,0.00,0.00,0.00,0.00,0.00,0.00
01/25/2022,Cash Over/(Under),249.73,0.0,28.97,48.92,26.94,5.98,0.99,98.18,1.03,-4.49,-0.21,52.09,-2.22,-35.00,-1.06,29.61
01/25/2022,# Of Sales,"1,176.00",0.0,142.00,41.00,112.00,58.00,125.00,50.00,118.00,26.00,115.00,44.00,127.00,41.00,114.00,63.00
01/25/2022,# Of Checks,0.00,0.0,0.00,0.00,0.00,0.00,0.00,0.00,0.00,0.00,0.00,0.00,0.00,0.00,0.00,0.00
01/25/2022,Shift Manager - Name,0,0.0,Ryan,Maddie,Ryan,Maddie,Ryan,mh,Ryan,mh,Maddie,mh,Maddie,mh,Ryan,Maddie
01/25/2022,Labor $,"5,188.42",0.0,580.00,193.32,471.44,256.56,477.86,249.52,362.71,206.14,333.74,224.15,514.26,351.60,562.99,404.13
01/25/2022,Labor %,30.86,0.0,37.67,21.62,31.03,31.16,27.05,31.84,21.13,57.86,18.79,25.45,29.31,56.76,38.09,44.68
01/25/2022,Labor OverTime $,260.36,0.0,0.00,0.00,0.00,0.00,0.00,0.00,0.00,0.00,0.00,0.00,0.00,0.00,0.00,0.00
01/25/2022,Total Online Orders,"7,366.88",0.0,797.68,446.16,830.08,327.41,966.92,260.94,595.63,56.04,511.79,524.75,769.69,201.18,693.54,385.07
01/25/2022,Online Cash,124.79,0.0,21.80,0.00,11.35,9.98,9.71,0.00,22.91,0.00,23.45,0.00,25.59,0.00,0.00,0.00
01/25/2022,PDQ/Mx Sales Check,"17,414.72",0.0,0.00,"2,518.43",0.00,"2,420.29",0.00,"2,638.35",0.00,"2,158.07",0.00,"2,808.07",0.00,"2,416.43",0.00,"2,455.08"
01/25/2022,PDQ/Mx Tax Check,"1,289.97",0.0,0.00,186.08,0.00,177.02,0.00,194.88,0.00,161.15,0.00,210.75,0.00,179.01,0.00,181.08
01/25/2022,Gift Cards Total,164.08,0.0,12.85,9.71,11.77,0.00,7.46,31.08,22.71,0.00,0.00,0.00,42.79,17.50,8.21,0.00
02/01/2022,IN-Sub,"3,037.54",970.0,254.00,229.43,223.94,144.50,276.40,125.01,394.75,51.52,291.14,111.73,459.96,128.10,200.11,146.95
02/01/2022,IN-Club,"3,794.45",823.0,248.76,186.06,303.68,289.21,518.01,241.09,452.61,109.55,248.67,124.02,295.58,170.87,307.32,299.02
02/01/2022,IN-Pop,434.16,756.0,41.01,21.60,35.04,30.06,42.60,28.56,46.38,6.27,40.71,6.87,37.23,20.10,42.30,35.43
02/01/2022,IN-Side,598.40,1190.0,57.35,39.20,66.59,46.64,48.73,13.97,76.02,18.47,52.89,32.78,40.39,24.32,47.62,33.43
02/01/2022,DEL-Sub,946.39,265.0,69.52,33.85,154.67,72.81,149.53,37.76,55.58,10.70,52.25,38.38,80.24,37.63,102.53,50.94
02/01/2022,DEL-Club,"1,238.73",238.0,76.86,74.41,89.57,41.34,139.81,66.03,97.36,13.09,28.32,111.52,189.10,58.18,224.04,29.10
02/01/2022,DEL-Pop,164.51,211.0,13.25,6.57,19.02,2.49,25.39,4.38,10.96,0.30,5.58,8.76,30.67,10.75,25.79,0.60
02/01/2022,DEL-Side,394.63,467.0,50.57,14.39,43.37,13.57,58.51,16.43,27.47,1.39,50.47,24.16,39.40,13.93,35.13,5.84
02/01/2022,Party Sub,0.00,0.0,0.00,0.00,0.00,0.00,0.00,0.00,0.00,0.00,0.00,0.00,0.00,0.00,0.00,0.00
02/01/2022,Day Old Bread,9.00,18.0,0.50,3.50,0.00,0.00,0.50,0.00,2.50,1.00,0.00,0.00,0.50,0.00,0.50,0.00
02/01/2022,Fresh Bread,2.00,1.0,0.00,2.00,0.00,0.00,0.00,0.00,0.00,0.00,0.00,0.00,0.00,0.00,0.00,0.00
02/01/2022,Cookie,342.53,232.0,44.52,30.21,33.39,22.26,47.70,11.13,22.60,9.54,30.38,4.77,20.67,15.90,28.79,20.67
02/01/2022,Combos / Kids 1/2 off,"6,136.23",692.0,482.91,237.56,746.73,219.06,618.23,275.62,775.22,142.98,709.39,170.34,715.49,226.36,601.37,214.97
02/01/2022,Box Lunch,937.93,172.0,8.29,20.58,67.03,0.00,0.00,20.58,18.58,0.00,0.00,9.29,158.29,0.00,10.29,625.00
02/01/2022,Platters / Mini Jimmys,535.90,19.0,111.98,0.00,0.00,0.00,0.00,0.00,247.96,0.00,61.99,0.00,0.00,0.00,113.97,0.00
02/01/2022,Delivery Fee,376.14,312.0,35.24,14.25,49.50,15.00,49.50,15.74,20.99,7.74,24.74,20.24,49.73,11.99,47.23,14.25
02/01/2022,Other,0.00,81.0,0.00,0.00,0.00,0.00,0.00,0.00,0.00,0.00,0.00,0.00,0.00,0.00,0.00,0.00
02/01/2022,Modifiers,621.95,4972.0,39.41,41.61,64.78,35.72,74.03,34.75,62.64,12.59,70.49,38.78,54.60,36.00,32.62,23.93
02/01/2022,Total of Above,"19,570.49",0.0,"1,534.17",955.22,"1,897.31",932.66,"2,048.94",891.05,"2,311.62",385.14,"1,667.02",701.64,"2,171.85",754.13,"1,819.61","1,500.13"
02/01/2022,- OVER-RINGS,0.00,0.0,0.00,0.00,0.00,0.00,0.00,0.00,0.00,0.00,0.00,0.00,0.00,0.00,0.00,0.00
02/01/2022,= Adjusted Sales,"19,570.49",0.0,"1,534.17",955.22,"1,897.31",932.66,"2,048.94",891.05,"2,311.62",385.14,"1,667.02",701.64,"2,171.85",754.13,"1,819.61","1,500.13"
02/01/2022,- Net Employee Freebies,102.14,0.0,11.75,0.00,15.88,17.55,9.73,0.00,10.17,0.00,0.00,17.77,0.00,0.00,19.29,0.00
02/01/2022,- Net Manager Freebies,38.44,0.0,0.00,0.00,0.00,14.34,0.00,0.00,12.75,0.00,0.00,0.00,0.00,0.00,11.35,0.00
02/01/2022,- Sampling,0.00,0.0,0.00,0.00,0.00,0.00,0.00,0.00,0.00,0.00,0.00,0.00,0.00,0.00,0.00,0.00
02/01/2022,- Waste,19.47,0.0,6.89,0.00,0.00,0.00,0.00,12.58,0.00,0.00,0.00,0.00,0.00,0.00,0.00,0.00
02/01/2022,- Other Promo,81.23,0.0,10.66,0.00,0.00,0.00,0.00,0.00,0.00,0.00,0.00,0.00,48.54,2.85,19.18,0.00
02/01/2022,- Loyalty / Coupon,518.32,0.0,75.22,40.96,68.92,22.15,44.12,23.39,38.16,3.00,34.27,24.10,56.29,18.60,49.46,19.68
02/01/2022,= Royalty Sales,"18,810.89",0.0,"1,429.65",914.26,"1,812.51",878.62,"1,995.09",855.08,"2,250.54",382.14,"1,632.75",659.77,"2,067.02",732.68,"1,720.33","1,480.45"
02/01/2022,+ Other Tax/Fee,0.00,0.0,0.00,0.00,0.00,0.00,0.00,0.00,0.00,0.00,0.00,0.00,0.00,0.00,0.00,0.00
02/01/2022,+ Sales Tax,"1,516.77",0.0,114.48,74.30,145.45,71.27,160.19,69.27,182.88,30.90,132.36,52.38,165.86,58.82,137.66,120.95
02/01/2022,- Over Rings Tax,0.00,0.0,0.00,0.00,0.00,0.00,0.00,0.00,0.00,0.00,0.00,0.00,0.00,0.00,0.00,0.00
02/01/2022,- Freebie/Promo Tax,0.00,0.0,0.00,0.00,0.00,0.00,0.00,0.00,0.00,0.00,0.00,0.00,0.00,0.00,0.00,0.00
02/01/2022,- Cash Payouts,413.19,0.0,35.66,19.39,48.22,27.94,28.66,33.61,12.54,17.00,14.39,31.27,32.18,42.05,37.46,32.82
02/01/2022,- A/R Due,0.00,0.0,0.00,0.00,0.00,0.00,0.00,0.00,0.00,0.00,0.00,0.00,0.00,0.00,0.00,0.00
02/01/2022,+ A/R Paid,0.00,0.0,0.00,0.00,0.00,0.00,0.00,0.00,0.00,0.00,0.00,0.00,0.00,0.00,0.00,0.00
02/01/2022,+ A/R Drivers,-451.60,0.0,-26.32,26.32,14.49,-14.49,-15.05,-21.87,-124.98,22.61,5.24,-48.03,-47.13,-127.18,-45.13,-50.08
02/01/2022,- A/R Due CC (InShop) V/MC/D,"9,935.22",0.0,585.72,513.47,951.12,469.87,812.10,473.70,"1,355.05",232.21,"1,017.56",293.07,773.12,387.32,891.26,"1,179.65"
02/01/2022,- A/R Due CC (InShop) Amex,510.10,0.0,13.41,0.00,49.19,32.81,49.60,10.27,45.82,0.00,44.61,68.98,79.88,19.13,73.25,23.15
02/01/2022,- A/R Due CC (MOTO) V/MC/D,717.74,0.0,67.79,76.92,10.03,0.00,76.08,23.63,72.59,0.00,0.00,44.95,238.69,20.74,57.36,28.96
02/01/2022,- A/R Due CC (MOTO) Amex,70.50,0.0,0.00,0.00,70.50,0.00,0.00,0.00,0.00,0.00,0.00,0.00,0.00,0.00,0.00,0.00
02/01/2022,- A/R Due CC (ONLINE) V/MC/D,"7,744.84",0.0,713.92,320.11,811.97,292.02,"1,120.44",350.03,756.28,113.16,677.06,311.75,895.39,247.10,820.68,314.93
02/01/2022,- A/R Due CC (ONLINE) Amex,447.54,0.0,60.12,0.00,49.67,94.51,48.91,36.70,66.46,30.37,0.00,0.00,35.48,0.00,25.32,0.00
02/01/2022,- Other Payment Types,31.58,0.0,31.58,0.00,0.00,0.00,0.00,0.00,0.00,0.00,0.00,0.00,0.00,0.00,0.00,0.00
02/01/2022,- DoorDash,398.10,0.0,0.00,0.00,0.00,0.00,22.10,9.82,77.55,12.32,14.57,22.72,65.26,90.05,59.67,24.04
02/01/2022,- UberEats,0.00,0.0,0.00,0.00,0.00,0.00,0.00,0.00,0.00,0.00,0.00,0.00,0.00,0.00,0.00,0.00
02/01/2022,+ Gift Cards Issued,125.00,0.0,0.00,0.00,15.00,0.00,0.00,0.00,0.00,0.00,0.00,0.00,0.00,0.00,110.00,0.00
02/01/2022,- Gift Cards Redeemed,105.89,0.0,10.27,0.00,48.92,0.00,0.00,0.00,0.00,0.00,0.00,0.00,12.55,0.00,32.43,1.72
02/01/2022,+ NSF Deposit,0.00,0.0,0.00,0.00,0.00,0.00,0.00,0.00,0.00,0.00,0.00,0.00,0.00,0.00,0.00,0.00
02/01/2022,= Expected Deposit,24.46,0.0,-0.66,84.99,-52.17,18.25,4.44,-25.46,-0.30,42.91,16.73,-85.90,118.46,-52.02,-14.90,-29.91
02/01/2022,Total Deposit,0.00,0.0,0.00,0.00,0.00,0.00,0.00,0.00,0.00,0.00,0.00,0.00,0.00,0.00,0.00,0.00
02/01/2022,Cash Over/(Under),-24.46,0.0,0.66,-84.99,52.17,-18.25,-4.44,25.46,0.30,-42.91,-16.73,85.90,-118.46,52.02,14.90,29.91
02/01/2022,# Of Sales,"1,310.00",0.0,134.00,64.00,149.00,60.00,158.00,54.00,126.00,29.00,88.00,43.00,149.00,49.00,150.00,57.00
02/01/2022,# Of Checks,0.00,0.0,0.00,0.00,0.00,0.00,0.00,0.00,0.00,0.00,0.00,0.00,0.00,0.00,0.00,0.00
02/01/2022,Shift Manager - Name,0,0.0,Ryan,AP,Ryan,ap,Ryan,mh,Ryan,Ryan,ap,mh,ap,mh,Ryan,ap
02/01/2022,Labor $,"5,592.47",0.0,511.39,248.69,564.21,347.36,469.56,277.70,416.31,231.48,322.20,301.25,511.08,352.52,622.22,416.48
02/01/2022,Labor %,28.58,0.0,33.33,26.03,29.74,37.24,22.92,31.17,18.01,60.10,19.33,42.94,23.53,46.75,34.20,27.76
02/01/2022,Labor OverTime $,247.11,0.0,0.00,0.00,0.00,0.00,0.00,0.00,0.00,0.00,0.00,0.00,0.00,0.00,0.00,0.00
02/01/2022,Total Online Orders,"7,511.73",0.0,682.38,312.96,776.39,336.92,"1,088.18",350.72,776.31,136.88,651.64,275.90,842.38,228.61,780.67,271.79
02/01/2022,Online Cash,132.24,0.0,0.00,22.75,18.22,0.00,30.00,0.00,0.00,0.00,27.39,0.00,0.00,0.00,33.88,0.00
02/01/2022,PDQ/Mx Sales Check,"20,327.66",0.0,0.00,"2,532.69",0.00,"2,907.85",0.00,"3,079.63",0.00,"2,846.46",0.00,"2,477.26",0.00,"3,024.38",0.00,"3,459.39"
02/01/2022,PDQ/Mx Tax Check,"1,516.77",0.0,0.00,188.78,0.00,216.72,0.00,229.46,0.00,213.78,0.00,184.74,0.00,224.68,0.00,258.61
02/01/2022,Gift Cards Total,-19.11,0.0,10.27,0.00,33.92,0.00,0.00,0.00,0.00,0.00,0.00,0.00,12.55,0.00,-77.57,1.72
02/08/2022,IN-Sub,"2,624.90",674.0,201.10,78.36,0.00,0.00,0.00,0.00,312.19,84.47,312.12,163.07,383.86,210.41,650.35,228.97
02/08/2022,IN-Club,"2,577.70",514.0,318.40,182.58,0.00,0.00,0.00,0.00,383.00,139.01,324.57,162.69,317.46,198.43,308.48,243.08
02/08/2022,IN-Pop,289.95,487.0,30.47,10.05,0.00,0.00,0.00,0.00,44.58,16.32,51.45,15.93,39.42,14.43,45.39,21.91
02/08/2022,IN-Side,411.27,716.0,53.99,8.13,0.00,0.00,0.00,0.00,73.53,18.56,54.65,35.22,53.51,28.27,54.18,31.23
02/08/2022,DEL-Sub,747.44,171.0,88.75,17.07,0.00,0.00,0.00,0.00,14.38,25.85,8.69,59.76,266.94,29.98,197.23,38.79
02/08/2022,DEL-Club,830.91,163.0,131.67,26.87,0.00,0.00,0.00,0.00,47.54,75.10,20.67,58.25,194.44,29.08,143.57,103.72
02/08/2022,DEL-Pop,113.63,137.0,16.43,2.79,0.00,0.00,0.00,0.00,5.88,21.99,0.60,14.53,23.20,2.39,22.82,3.00
02/08/2022,DEL-Side,227.49,348.0,44.56,9.32,0.00,0.00,0.00,0.00,4.66,10.22,4.66,12.72,68.16,12.51,51.60,9.08
02/08/2022,Party Sub,0.00,0.0,0.00,0.00,0.00,0.00,0.00,0.00,0.00,0.00,0.00,0.00,0.00,0.00,0.00,0.00
02/08/2022,Day Old Bread,5.00,10.0,5.00,0.00,0.00,0.00,0.00,0.00,0.00,0.00,0.00,0.00,0.00,0.00,0.00,0.00
02/08/2022,Fresh Bread,8.50,4.0,0.00,4.00,0.00,0.00,0.00,0.00,2.00,0.00,0.00,0.00,0.00,0.00,0.00,2.50
02/08/2022,Cookie,252.56,235.0,54.06,17.49,0.00,0.00,0.00,0.00,44.52,7.95,15.90,6.70,31.80,6.36,50.70,17.08
02/08/2022,Combos / Kids 1/2 off,"4,045.72",443.0,608.00,95.00,0.00,0.00,0.00,0.00,635.37,99.90,638.82,262.07,668.36,187.61,570.56,280.03
02/08/2022,Box Lunch,791.31,89.0,59.29,0.00,0.00,0.00,0.00,0.00,27.87,19.58,19.58,0.00,249.83,0.00,404.07,11.09
02/08/2022,Platters / Mini Jimmys,111.98,2.0,55.99,0.00,0.00,0.00,0.00,0.00,0.00,0.00,55.99,0.00,0.00,0.00,0.00,0.00
02/08/2022,Delivery Fee,253.41,203.0,39.75,6.00,0.00,0.00,0.00,0.00,15.00,10.50,8.25,11.24,67.72,14.22,61.74,18.99
02/08/2022,Other,0.00,44.0,0.00,0.00,0.00,0.00,0.00,0.00,0.00,0.00,0.00,0.00,0.00,0.00,0.00,0.00
02/08/2022,Modifiers,470.40,3202.0,59.29,13.54,0.00,0.00,0.00,0.00,66.39,16.77,52.56,34.86,76.07,33.98,54.26,62.68
02/08/2022,Total of Above,"13,762.17",0.0,"1,766.75",471.20,0.00,0.00,0.00,0.00,"1,676.91",546.22,"1,568.51",837.04,"2,440.77",767.67,"2,614.95","1,072.15"
02/08/2022,- OVER-RINGS,0.00,0.0,0.00,0.00,0.00,0.00,0.00,0.00,0.00,0.00,0.00,0.00,0.00,0.00,0.00,0.00
02/08/2022,= Adjusted Sales,"13,762.17",0.0,"1,766.75",471.20,0.00,0.00,0.00,0.00,"1,676.91",546.22,"1,568.51",837.04,"2,440.77",767.67,"2,614.95","1,072.15"
02/08/2022,- Net Employee Freebies,68.62,0.0,13.06,20.54,0.00,0.00,0.00,0.00,0.00,0.00,0.00,0.00,0.00,7.58,14.61,12.83
02/08/2022,- Net Manager Freebies,35.10,0.0,0.00,0.00,0.00,0.00,0.00,0.00,0.00,11.58,0.00,0.00,10.17,0.00,0.00,13.35
02/08/2022,- Sampling,0.00,0.0,0.00,0.00,0.00,0.00,0.00,0.00,0.00,0.00,0.00,0.00,0.00,0.00,0.00,0.00
02/08/2022,- Waste,0.00,0.0,0.00,0.00,0.00,0.00,0.00,0.00,0.00,0.00,0.00,0.00,0.00,0.00,0.00,0.00
02/08/2022,- Other Promo,110.52,0.0,8.79,0.00,0.00,0.00,0.00,0.00,0.00,0.00,0.00,0.00,51.59,7.14,43.00,0.00
02/08/2022,- Loyalty / Coupon,375.65,0.0,71.50,25.19,0.00,0.00,0.00,0.00,46.63,9.29,29.15,27.20,42.70,31.44,53.07,39.48
02/08/2022,= Royalty Sales,"13,172.28",0.0,"1,673.40",425.47,0.00,0.00,0.00,0.00,"1,630.28",525.35,"1,539.36",809.84,"2,336.31",721.51,"2,504.27","1,006.49"
02/08/2022,+ Other Tax/Fee,0.00,0.0,0.00,0.00,0.00,0.00,0.00,0.00,0.00,0.00,0.00,0.00,0.00,0.00,0.00,0.00
02/08/2022,+ Sales Tax,999.38,0.0,134.80,34.60,0.00,0.00,0.00,0.00,133.26,42.47,126.38,65.11,154.50,57.61,169.50,81.15
02/08/2022,- Over Rings Tax,0.00,0.0,0.00,0.00,0.00,0.00,0.00,0.00,0.00,0.00,0.00,0.00,0.00,0.00,0.00,0.00
02/08/2022,- Freebie/Promo Tax,0.00,0.0,0.00,0.00,0.00,0.00,0.00,0.00,0.00,0.00,0.00,0.00,0.00,0.00,0.00,0.00
02/08/2022,- Cash Payouts,274.64,0.0,33.39,15.14,0.00,0.00,0.00,0.00,9.33,18.05,0.00,39.74,30.44,36.99,25.30,66.26
02/08/2022,- A/R Due,284.90,0.0,0.00,0.00,0.00,0.00,0.00,0.00,0.00,0.00,0.00,0.00,143.95,0.00,140.95,0.00
02/08/2022,+ A/R Paid,284.90,0.0,0.00,0.00,0.00,0.00,0.00,0.00,0.00,0.00,0.00,0.00,0.00,0.00,284.90,0.00
02/08/2022,+ A/R Drivers,-34.29,0.0,-61.87,27.58,0.00,0.00,0.00,0.00,-29.06,29.06,25.98,-25.98,31.18,-31.18,96.22,-96.22
02/08/2022,- A/R Due CC (InShop) V/MC/D,"6,270.56",0.0,553.91,241.91,0.00,0.00,0.00,0.00,"1,105.20",287.38,988.12,392.66,"1,108.81",329.46,714.88,548.23
02/08/2022,- A/R Due CC (InShop) Amex,200.38,0.0,57.69,15.65,0.00,0.00,0.00,0.00,0.00,0.00,9.19,15.54,87.63,0.00,0.00,14.68
02/08/2022,- A/R Due CC (MOTO) V/MC/D,995.15,0.0,59.22,0.00,0.00,0.00,0.00,0.00,33.52,11.02,26.00,56.22,224.35,0.00,528.51,56.31
02/08/2022,- A/R Due CC (MOTO) Amex,51.26,0.0,0.00,0.00,0.00,0.00,0.00,0.00,0.00,0.00,0.00,0.00,0.00,0.00,51.26,0.00
02/08/2022,- A/R Due CC (ONLINE) V/MC/D,"5,556.04",0.0,963.44,183.14,0.00,0.00,0.00,0.00,578.35,169.94,529.50,276.73,895.44,348.94,"1,242.48",368.08
02/08/2022,- A/R Due CC (ONLINE) Amex,277.93,0.0,75.21,0.00,0.00,0.00,0.00,0.00,7.87,13.51,48.05,0.00,40.11,2.05,91.13,0.00
02/08/2022,- Other Payment Types,346.62,0.0,0.00,0.00,0.00,0.00,0.00,0.00,0.00,0.00,0.00,122.60,73.25,75.58,20.03,55.16
02/08/2022,- DoorDash,32.79,0.0,32.79,0.00,0.00,0.00,0.00,0.00,0.00,0.00,0.00,0.00,0.00,0.00,0.00,0.00
02/08/2022,- UberEats,0.00,0.0,0.00,0.00,0.00,0.00,0.00,0.00,0.00,0.00,0.00,0.00,0.00,0.00,0.00,0.00
02/08/2022,+ Gift Cards Issued,40.00,0.0,0.00,0.00,0.00,0.00,0.00,0.00,0.00,0.00,0.00,0.00,40.00,0.00,0.00,0.00
02/08/2022,- Gift Cards Redeemed,55.81,0.0,0.00,9.39,0.00,0.00,0.00,0.00,0.00,0.00,0.00,0.00,30.00,0.00,8.64,7.78
02/08/2022,+ NSF Deposit,0.00,0.0,0.00,0.00,0.00,0.00,0.00,0.00,0.00,0.00,0.00,0.00,0.00,0.00,0.00,0.00
02/08/2022,= Expected Deposit,148.98,0.0,3.47,22.42,0.00,0.00,0.00,0.00,0.21,96.98,90.86,-54.52,-71.99,-45.08,231.71,-125.08
02/08/2022,Total Deposit,298.00,0.0,0.00,27.00,0.00,0.00,0.00,0.00,0.00,101.00,80.00,0.00,0.00,0.00,90.00,0.00
02/08/2022,Cash Over/(Under),149.02,0.0,-3.47,4.58,0.00,0.00,0.00,0.00,-0.21,4.02,-10.86,54.52,71.99,45.08,-141.71,125.08
02/08/2022,# Of Sales,870.00,0.0,134.00,33.00,0.00,0.00,0.00,0.00,103.00,34.00,86.00,54.00,160.00,45.00,146.00,75.00
02/08/2022,# Of Checks,0.00,0.0,0.00,0.00,0.00,0.00,0.00,0.00,0.00,0.00,0.00,0.00,0.00,0.00,0.00,0.00
02/08/2022,Shift Manager - Name,0,0.0,Ryan,AP,0,0,0,0,Ryan,mh,ap,mh,ap,mh,Ryan,ap
02/08/2022,Labor $,"3,725.80",0.0,544.05,223.54,0.00,0.00,0.00,0.00,397.79,164.20,283.18,313.61,574.67,287.62,546.55,390.59
02/08/2022,Labor %,27.07,0.0,30.79,47.44,0.00,0.00,0.00,0.00,23.72,30.06,18.05,37.47,23.54,37.47,20.90,36.43
02/08/2022,Labor OverTime $,0.00,0.0,0.00,0.00,0.00,0.00,0.00,0.00,0.00,0.00,0.00,0.00,0.00,0.00,0.00,0.00
02/08/2022,Total Online Orders,"5,449.76",0.0,971.57,178.33,0.00,0.00,0.00,0.00,579.99,172.08,554.57,297.11,822.62,336.36,"1,197.58",339.55
02/08/2022,Online Cash,100.88,0.0,18.54,12.26,0.00,0.00,0.00,0.00,25.38,0.00,0.00,27.96,8.21,0.00,8.53,0.00
02/08/2022,PDQ/Mx Sales Check,"14,171.66",0.0,0.00,"2,268.27",0.00,0.00,0.00,0.00,0.00,"2,331.36",0.00,"2,540.69",0.00,"3,269.93",0.00,"3,761.41"
02/08/2022,PDQ/Mx Tax Check,999.38,0.0,0.00,169.40,0.00,0.00,0.00,0.00,0.00,175.73,0.00,191.49,0.00,212.11,0.00,250.65
02/08/2022,Gift Cards Total,15.81,0.0,0.00,9.39,0.00,0.00,0.00,0.00,0.00,0.00,0.00,0.00,-10.00,0.00,8.64,7.78
02/15/2022,IN-Sub,"3,171.71",938.0,210.57,208.01,238.65,175.04,317.38,224.65,348.81,53.33,378.13,131.81,153.28,297.58,189.00,245.47
02/15/2022,IN-Club,"3,751.89",781.0,358.64,274.90,293.20,225.00,367.46,240.07,363.93,143.11,322.86,112.65,221.51,369.05,299.91,159.60
02/15/2022,IN-Pop,368.25,636.0,34.66,28.49,39.83,20.71,57.74,13.94,46.99,7.17,19.91,4.79,15.14,39.43,29.89,9.56
02/15/2022,IN-Side,629.50,1158.0,47.08,34.25,56.29,36.86,76.42,34.03,65.19,20.04,86.94,28.00,25.80,39.99,50.13,28.48
02/15/2022,DEL-Sub,972.06,239.0,104.21,61.80,135.95,89.34,101.72,80.20,35.94,12.99,0.00,17.97,94.07,23.38,131.70,82.79
02/15/2022,DEL-Club,"1,325.26",255.0,166.88,93.82,223.68,31.56,118.20,72.79,77.80,7.19,35.26,42.45,191.95,14.38,143.90,105.40
02/15/2022,DEL-Pop,167.12,214.0,17.95,5.20,31.08,9.37,16.97,5.39,8.58,0.40,0.40,7.17,24.91,4.78,27.12,7.80
02/15/2022,DEL-Side,322.79,403.0,43.56,8.75,44.86,29.94,37.88,20.76,11.66,4.47,4.47,5.94,34.26,5.45,42.58,28.21
02/15/2022,Party Sub,0.00,0.0,0.00,0.00,0.00,0.00,0.00,0.00,0.00,0.00,0.00,0.00,0.00,0.00,0.00,0.00
02/15/2022,Day Old Bread,2.50,5.0,0.00,0.00,0.00,0.00,0.00,0.00,1.00,0.00,0.00,0.00,0.00,1.50,0.00,0.00
02/15/2022,Fresh Bread,10.00,4.0,0.00,0.00,0.00,0.00,2.50,0.00,2.50,0.00,0.00,0.00,0.00,0.00,0.00,5.00
02/15/2022,Cookie,303.05,239.0,38.87,20.28,30.42,25.35,25.53,32.11,30.42,10.14,10.14,5.07,22.15,23.66,23.66,5.25
02/15/2022,Combos / Kids 1/2 off,"6,119.41",629.0,554.28,331.18,630.21,302.42,615.42,237.81,623.80,183.02,368.83,223.59,642.81,252.14,815.43,338.47
02/15/2022,Box Lunch,"1,274.40",185.0,0.00,0.00,0.00,11.09,62.54,10.09,11.09,10.09,0.00,0.00,136.17,388.15,10.09,635.09
02/15/2022,Platters / Mini Jimmys,968.80,20.0,155.97,0.00,0.00,313.14,0.00,0.00,0.00,0.00,385.12,38.59,0.00,0.00,0.00,75.98
02/15/2022,Delivery Fee,378.88,317.0,44.98,12.75,57.24,24.98,38.24,18.75,21.74,6.00,6.75,7.50,50.99,6.00,57.98,24.98
02/15/2022,Other,0.00,68.0,0.00,0.00,0.00,0.00,0.00,0.00,0.00,0.00,0.00,0.00,0.00,0.00,0.00,0.00
02/15/2022,Modifiers,600.93,4914.0,67.12,45.03,52.74,34.69,63.95,29.01,46.51,15.87,34.40,10.88,50.48,38.75,62.65,48.85
02/15/2022,Total of Above,"20,366.55",0.0,"1,844.77","1,124.46","1,834.15","1,329.49","1,901.95","1,019.60","1,695.96",473.82,"1,653.21",636.41,"1,663.52","1,504.24","1,884.04","1,800.93"
02/15/2022,- OVER-RINGS,0.00,0.0,0.00,0.00,0.00,0.00,0.00,0.00,0.00,0.00,0.00,0.00,0.00,0.00,0.00,0.00
02/15/2022,= Adjusted Sales,"20,366.55",0.0,"1,844.77","1,124.46","1,834.15","1,329.49","1,901.95","1,019.60","1,695.96",473.82,"1,653.21",636.41,"1,663.52","1,504.24","1,884.04","1,800.93"
02/15/2022,- Net Employee Freebies,108.34,0.0,5.53,10.87,11.69,17.46,39.19,0.00,5.99,0.00,0.00,0.00,0.00,0.00,17.61,0.00
02/15/2022,- Net Manager Freebies,59.77,0.0,0.00,13.35,0.00,11.16,11.95,0.00,23.31,0.00,0.00,0.00,0.00,0.00,0.00,0.00
02/15/2022,- Sampling,0.00,0.0,0.00,0.00,0.00,0.00,0.00,0.00,0.00,0.00,0.00,0.00,0.00,0.00,0.00,0.00
02/15/2022,- Waste,0.00,0.0,0.00,0.00,0.00,0.00,0.00,0.00,0.00,0.00,0.00,0.00,0.00,0.00,0.00,0.00
02/15/2022,- Other Promo,20.90,0.0,4.37,0.00,0.00,4.34,0.00,5.00,0.00,0.00,7.19,0.00,0.00,0.00,0.00,0.00
02/15/2022,- Loyalty / Coupon,433.74,0.0,60.76,28.95,68.02,21.65,59.46,29.36,20.29,3.60,13.97,10.19,19.69,53.92,33.22,10.66
02/15/2022,= Royalty Sales,"19,743.80",0.0,"1,774.11","1,071.29","1,754.44","1,274.88","1,791.35",985.24,"1,646.37",470.22,"1,632.05",626.22,"1,643.83","1,450.32","1,833.21","1,790.27"
02/15/2022,+ Other Tax/Fee,0.00,0.0,0.00,0.00,0.00,0.00,0.00,0.00,0.00,0.00,0.00,0.00,0.00,0.00,0.00,0.00
02/15/2022,+ Sales Tax,"1,568.53",0.0,142.32,87.05,139.83,77.13,144.27,79.83,133.99,38.32,134.01,51.02,131.01,119.12,146.13,144.50
02/15/2022,- Over Rings Tax,0.00,0.0,0.00,0.00,0.00,0.00,0.00,0.00,0.00,0.00,0.00,0.00,0.00,0.00,0.00,0.00
02/15/2022,- Freebie/Promo Tax,0.00,0.0,0.00,0.00,0.00,0.00,0.00,0.00,0.00,0.00,0.00,0.00,0.00,0.00,0.00,0.00
02/15/2022,- Cash Payouts,447.67,0.0,43.27,23.62,43.88,38.95,27.58,57.06,18.49,19.18,11.02,11.49,26.13,37.75,23.93,65.32
02/15/2022,- A/R Due,0.00,0.0,0.00,0.00,0.00,0.00,0.00,0.00,0.00,0.00,0.00,0.00,0.00,0.00,0.00,0.00
02/15/2022,+ A/R Paid,0.00,0.0,0.00,0.00,0.00,0.00,0.00,0.00,0.00,0.00,0.00,0.00,0.00,0.00,0.00,0.00
02/15/2022,+ A/R Drivers,0.00,0.0,-59.73,59.73,-11.91,11.91,3.35,-3.35,-90.87,90.87,2.61,-2.61,33.71,-33.71,102.58,-102.58
02/15/2022,- A/R Due CC (InShop) V/MC/D,"9,165.72",0.0,687.91,534.80,557.91,756.07,827.27,429.17,895.54,349.57,835.69,328.13,640.36,314.24,826.21,"1,182.85"
02/15/2022,- A/R Due CC (InShop) Amex,306.88,0.0,10.15,10.81,47.79,0.00,19.03,0.00,28.32,0.00,0.00,0.00,38.05,0.00,63.36,89.37
02/15/2022,- A/R Due CC (MOTO) V/MC/D,781.62,0.0,87.68,0.00,52.57,52.10,29.69,37.54,35.21,56.69,195.77,26.89,97.21,0.00,110.27,0.00
02/15/2022,- A/R Due CC (MOTO) Amex,145.09,0.0,0.00,0.00,0.00,0.00,0.00,45.87,0.00,0.00,21.50,0.00,0.00,0.00,77.72,0.00
02/15/2022,- A/R Due CC (ONLINE) V/MC/D,"8,794.83",0.0,902.17,439.12,978.69,379.57,876.99,473.45,678.13,120.33,466.81,303.37,771.32,"1,077.03",824.02,503.83
02/15/2022,- A/R Due CC (ONLINE) Amex,688.55,0.0,48.67,0.00,159.46,56.31,64.22,0.00,11.67,0.00,104.80,0.00,70.67,105.59,10.62,56.54
02/15/2022,- Other Payment Types,618.60,0.0,46.22,118.39,36.94,36.99,94.62,60.66,16.59,0.00,8.42,0.00,18.53,0.00,53.27,127.97
02/15/2022,- DoorDash,0.00,0.0,0.00,0.00,0.00,0.00,0.00,0.00,0.00,0.00,0.00,0.00,0.00,0.00,0.00,0.00
02/15/2022,- UberEats,0.00,0.0,0.00,0.00,0.00,0.00,0.00,0.00,0.00,0.00,0.00,0.00,0.00,0.00,0.00,0.00
02/15/2022,+ Gift Cards Issued,0.00,0.0,0.00,0.00,0.00,0.00,0.00,0.00,0.00,0.00,0.00,0.00,0.00,0.00,0.00,0.00
02/15/2022,- Gift Cards Redeemed,51.81,0.0,30.57,0.00,6.48,0.00,0.00,0.00,6.12,0.00,0.00,0.00,0.00,0.00,8.64,0.00
02/15/2022,+ NSF Deposit,0.00,0.0,0.00,0.00,0.00,0.00,0.00,0.00,0.00,0.00,0.00,0.00,0.00,0.00,0.00,0.00
02/15/2022,= Expected Deposit,311.56,0.0,0.06,91.33,-1.36,43.93,-0.43,-42.03,-0.58,53.64,124.66,4.75,146.28,1.12,83.88,-193.69
02/15/2022,Total Deposit,555.00,0.0,0.00,93.00,0.00,43.00,0.00,0.00,0.00,53.00,124.00,0.00,146.00,0.00,96.00,0.00
02/15/2022,Cash Over/(Under),243.44,0.0,-0.06,1.67,1.36,-0.93,0.43,42.03,0.58,-0.64,-0.66,-4.75,-0.28,-1.12,12.12,193.69
02/15/2022,# Of Sales,"1,289.00",0.0,133.00,70.00,144.00,69.00,144.00,65.00,113.00,26.00,73.00,38.00,151.00,47.00,148.00,68.00
02/15/2022,# Of Checks,0.00,0.0,0.00,0.00,0.00,0.00,0.00,0.00,0.00,0.00,0.00,0.00,0.00,0.00,0.00,0.00
02/15/2022,Shift Manager - Name,0,0.0,Ryan,ap,Ryan,ap,Ryan,MH,Ryan,mh,ap,MH,ap,mh,Ryan,ap
02/15/2022,Labor $,"6,063.46",0.0,569.66,290.26,501.94,446.56,513.03,380.50,423.39,144.25,401.59,285.18,529.41,371.74,642.52,563.43
02/15/2022,Labor %,29.77,0.0,30.88,25.81,27.37,33.59,26.97,37.32,24.96,30.44,24.29,44.81,31.82,24.71,34.10,31.29
02/15/2022,Labor OverTime $,326.04,0.0,0.00,0.00,0.00,0.00,0.00,0.00,0.00,0.00,0.00,0.00,0.00,0.00,0.00,0.00
02/15/2022,Total Online Orders,"8,778.91",0.0,865.72,409.02,"1,043.00",390.57,854.41,450.52,669.24,112.28,558.31,278.47,743.39,"1,147.13",730.75,526.10
02/15/2022,Online Cash,127.11,0.0,13.17,0.00,40.69,0.00,0.00,12.09,11.57,0.00,0.00,0.00,20.53,0.00,2.15,26.91
02/15/2022,PDQ/Mx Sales Check,"21,317.33",0.0,0.00,"3,074.77",0.00,"3,246.28",-5.00,"3,005.69",0.00,"2,288.90",0.00,"2,443.30",0.00,"3,344.28",0.00,"3,914.11"
02/15/2022,PDQ/Mx Tax Check,"1,568.53",0.0,0.00,229.37,0.00,216.96,0.00,224.10,0.00,172.31,0.00,185.03,0.00,250.13,0.00,290.63
02/15/2022,Gift Cards Total,51.81,0.0,30.57,0.00,6.48,0.00,0.00,0.00,6.12,0.00,0.00,0.00,0.00,0.00,8.64,0.00
02/22/2022,IN-Sub,"3,275.05",911.0,208.60,217.47,273.26,186.04,263.66,351.95,426.60,68.41,368.44,189.29,246.05,186.33,95.98,192.97
02/22/2022,IN-Club,"3,890.48",766.0,343.74,224.31,337.96,258.22,214.32,383.91,309.90,102.08,440.53,243.11,342.36,182.59,279.13,228.32
02/22/2022,IN-Pop,389.17,709.0,27.10,19.52,43.40,17.53,34.25,25.49,54.56,16.33,43.83,10.36,37.84,13.15,17.13,28.68
02/22/2022,IN-Side,630.09,1072.0,61.23,22.04,31.36,24.25,33.12,93.61,77.82,13.90,90.19,36.25,47.26,36.83,25.51,36.72
02/22/2022,DEL-Sub,"1,180.29",367.0,141.19,86.28,94.36,29.66,194.02,59.97,63.72,0.00,123.79,46.10,91.76,11.98,198.42,39.04
02/22/2022,DEL-Club,"1,241.91",249.0,123.02,67.14,125.32,30.34,181.33,28.76,83.51,37.65,118.73,73.64,154.99,72.79,116.62,28.07
02/22/2022,DEL-Pop,146.99,223.0,23.72,5.18,11.77,11.18,24.93,3.40,4.39,0.00,5.98,8.80,9.38,4.79,28.29,5.18
02/22/2022,DEL-Side,455.43,533.0,92.33,15.55,28.10,12.58,85.22,8.10,23.27,1.49,41.45,14.53,59.10,12.69,53.57,7.45
02/22/2022,Party Sub,0.00,0.0,0.00,0.00,0.00,0.00,0.00,0.00,0.00,0.00,0.00,0.00,0.00,0.00,0.00,0.00
02/22/2022,Day Old Bread,4.50,9.0,0.00,0.00,1.00,0.00,0.00,0.50,0.50,0.00,0.00,0.00,1.00,0.50,1.00,0.00
02/22/2022,Fresh Bread,7.50,3.0,0.00,0.00,7.50,0.00,0.00,0.00,0.00,0.00,0.00,0.00,0.00,0.00,0.00,0.00
02/22/2022,Cookie,293.45,215.0,21.97,18.59,23.66,18.77,37.18,28.73,35.49,5.07,15.39,17.62,15.21,10.14,23.66,21.97
02/22/2022,Combos / Kids 1/2 off,"6,792.97",715.0,648.79,267.93,529.30,383.04,733.01,399.10,885.43,44.46,778.64,230.08,640.68,508.43,518.19,225.89
02/22/2022,Box Lunch,464.07,43.0,0.00,332.70,41.36,0.00,22.18,10.09,5.79,0.00,11.09,8.59,0.00,10.09,11.09,11.09
02/22/2022,Platters / Mini Jimmys,"1,705.71",30.0,235.96,0.00,0.00,0.00,117.98,117.98,"1,027.83",0.00,129.98,0.00,75.98,0.00,0.00,0.00
02/22/2022,Delivery Fee,424.58,331.0,52.73,23.24,57.71,13.50,63.24,15.00,27.45,1.50,24.74,11.98,42.75,17.25,62.99,10.50
02/22/2022,Other,0.00,76.0,0.00,0.00,0.00,0.00,0.00,0.00,0.00,0.00,0.00,0.00,0.00,0.00,0.00,0.00
02/22/2022,Modifiers,711.76,4782.0,74.35,37.68,50.63,28.34,62.78,43.09,77.16,9.12,88.43,49.95,61.02,46.29,53.84,29.08
02/22/2022,Total of Above,"21,613.95",0.0,"2,054.73","1,337.63","1,656.69","1,013.45","2,067.22","1,569.68","3,103.42",300.01,"2,281.21",940.30,"1,825.38","1,113.85","1,485.42",864.96
02/22/2022,- OVER-RINGS,0.00,0.0,0.00,0.00,0.00,0.00,0.00,0.00,0.00,0.00,0.00,0.00,0.00,0.00,0.00,0.00
02/22/2022,= Adjusted Sales,"21,613.95",0.0,"2,054.73","1,337.63","1,656.69","1,013.45","2,067.22","1,569.68","3,103.42",300.01,"2,281.21",940.30,"1,825.38","1,113.85","1,485.42",864.96
02/22/2022,- Net Employee Freebies,157.33,0.0,33.97,0.00,0.00,14.76,3.00,32.03,8.39,21.34,0.00,0.00,0.00,0.00,17.72,26.12
02/22/2022,- Net Manager Freebies,69.10,0.0,11.16,0.00,0.00,10.67,0.00,9.99,13.75,12.86,0.00,0.00,0.00,0.00,0.00,10.67
02/22/2022,- Sampling,0.00,0.0,0.00,0.00,0.00,0.00,0.00,0.00,0.00,0.00,0.00,0.00,0.00,0.00,0.00,0.00
02/22/2022,- Waste,0.00,0.0,0.00,0.00,0.00,0.00,0.00,0.00,0.00,0.00,0.00,0.00,0.00,0.00,0.00,0.00
02/22/2022,- Other Promo,150.79,0.0,9.38,7.19,0.00,19.61,5.99,6.97,93.07,0.00,0.00,0.00,8.58,0.00,0.00,0.00
02/22/2022,- Loyalty / Coupon,288.30,0.0,43.22,10.88,17.94,0.00,34.82,28.26,20.83,0.00,18.17,13.18,14.34,26.06,29.35,31.25
02/22/2022,= Royalty Sales,"20,948.43",0.0,"1,957.00","1,319.56","1,638.75",968.41,"2,023.41","1,492.43","2,967.38",265.81,"2,263.04",927.12,"1,802.46","1,087.79","1,438.35",796.92
02/22/2022,+ Other Tax/Fee,0.00,0.0,0.00,0.00,0.00,0.00,0.00,0.00,0.00,0.00,0.00,0.00,0.00,0.00,0.00,0.00
02/22/2022,+ Sales Tax,"1,688.53",0.0,156.35,106.72,130.10,78.19,161.46,121.66,242.50,21.80,184.08,74.48,145.09,88.05,113.22,64.83
02/22/2022,- Over Rings Tax,0.00,0.0,0.00,0.00,0.00,0.00,0.00,0.00,0.00,0.00,0.00,0.00,0.00,0.00,0.00,0.00
02/22/2022,- Freebie/Promo Tax,0.00,0.0,0.00,0.00,0.00,0.00,0.00,0.00,0.00,0.00,0.00,0.00,0.00,0.00,0.00,0.00
02/22/2022,- Cash Payouts,488.10,0.0,45.78,32.48,71.45,21.25,32.52,64.26,12.48,18.34,14.54,24.39,37.65,38.19,22.36,52.41
02/22/2022,- A/R Due,0.00,0.0,0.00,0.00,0.00,0.00,0.00,0.00,0.00,0.00,0.00,0.00,0.00,0.00,0.00,0.00
02/22/2022,+ A/R Paid,0.00,0.0,0.00,0.00,0.00,0.00,0.00,0.00,0.00,0.00,0.00,0.00,0.00,0.00,0.00,0.00
02/22/2022,+ A/R Drivers,0.00,0.0,20.70,-20.70,4.78,-4.78,-92.57,92.57,-121.24,121.24,49.15,-49.15,18.22,-18.22,-61.54,61.54
02/22/2022,- A/R Due CC (InShop) V/MC/D,"10,008.88",0.0,667.58,857.14,756.99,615.60,952.37,833.60,"1,227.57",159.09,"1,060.40",535.02,771.56,633.22,555.44,383.30
02/22/2022,- A/R Due CC (InShop) Amex,434.96,0.0,48.96,6.48,35.23,0.00,84.14,0.00,75.18,0.00,123.62,0.00,0.00,7.78,43.41,10.16
02/22/2022,- A/R Due CC (MOTO) V/MC/D,"1,553.08",0.0,92.98,0.00,28.61,23.99,139.11,0.00,963.20,0.00,23.42,28.95,69.92,31.46,144.21,7.23
02/22/2022,- A/R Due CC (MOTO) Amex,298.86,0.0,298.86,0.00,0.00,0.00,0.00,0.00,0.00,0.00,0.00,0.00,0.00,0.00,0.00,0.00
02/22/2022,- A/R Due CC (ONLINE) V/MC/D,"8,759.74",0.0,790.37,473.01,823.93,358.78,816.06,713.77,778.40,75.51,"1,053.70",338.26,982.79,471.69,647.21,436.26
02/22/2022,- A/R Due CC (ONLINE) Amex,349.52,0.0,113.62,14.42,37.60,0.00,12.18,22.76,11.44,8.87,12.96,0.00,47.74,0.00,44.80,23.13
02/22/2022,- Other Payment Types,661.32,0.0,77.67,55.30,97.76,38.86,55.56,16.67,0.00,36.97,91.49,100.96,28.52,25.08,36.48,0.00
02/22/2022,- DoorDash,0.00,0.0,0.00,0.00,0.00,0.00,0.00,0.00,0.00,0.00,0.00,0.00,0.00,0.00,0.00,0.00
02/22/2022,- UberEats,0.00,0.0,0.00,0.00,0.00,0.00,0.00,0.00,0.00,0.00,0.00,0.00,0.00,0.00,0.00,0.00
02/22/2022,+ Gift Cards Issued,25.00,0.0,0.00,0.00,25.00,0.00,0.00,0.00,0.00,0.00,0.00,0.00,0.00,0.00,0.00,0.00
02/22/2022,- Gift Cards Redeemed,28.04,0.0,0.00,0.00,18.04,0.00,0.00,0.00,10.00,0.00,0.00,0.00,0.00,0.00,0.00,0.00
02/22/2022,+ NSF Deposit,0.00,0.0,0.00,0.00,0.00,0.00,0.00,0.00,0.00,0.00,0.00,0.00,0.00,0.00,0.00,0.00
02/22/2022,= Expected Deposit,79.46,0.0,-1.77,-33.25,-70.98,-16.66,0.36,55.60,10.37,110.07,116.14,-75.13,27.59,-49.80,-3.88,10.80
02/22/2022,Total Deposit,227.00,0.0,0.00,0.00,0.00,0.00,0.00,0.00,0.00,110.00,117.00,0.00,0.00,0.00,0.00,0.00
02/22/2022,Cash Over/(Under),147.54,0.0,1.77,33.25,70.98,16.66,-0.36,-55.60,-10.37,-0.07,0.86,75.13,-27.59,49.80,3.88,-10.80
02/22/2022,# Of Sales,"1,354.00",0.0,148.00,69.00,140.00,54.00,155.00,85.00,129.00,21.00,120.00,47.00,131.00,65.00,134.00,56.00
02/22/2022,# Of Checks,0.00,0.0,0.00,0.00,0.00,0.00,0.00,0.00,0.00,0.00,0.00,0.00,0.00,0.00,0.00,0.00
02/22/2022,Shift Manager - Name,0,0.0,Ryan,ap,Ryan,ap,Ryan,mh,Ryan,mh,ap,mh,ap,mh,Ryan,ap
02/22/2022,Labor $,"6,510.44",0.0,608.51,580.96,625.79,334.61,553.65,411.24,498.13,186.91,394.19,319.52,531.41,400.61,589.69,475.22
02/22/2022,Labor %,30.12,0.0,29.62,43.43,37.77,33.02,26.78,26.20,16.05,62.30,17.28,33.98,29.11,35.97,39.70,54.94
02/22/2022,Labor OverTime $,343.98,0.0,0.00,0.00,0.00,0.00,0.00,0.00,0.00,0.00,0.00,0.00,0.00,0.00,0.00,0.00
02/22/2022,Total Online Orders,"8,263.36",0.0,832.71,433.18,752.69,354.70,708.14,695.44,698.99,82.81,975.70,323.37,950.17,419.97,609.99,425.50
02/22/2022,Online Cash,114.29,0.0,20.52,18.28,0.00,29.27,12.21,0.00,2.16,0.00,0.00,0.00,7.78,0.00,24.07,0.00
02/22/2022,PDQ/Mx Sales Check,"22,636.96",0.0,0.00,"3,539.63",0.00,"2,815.45",0.00,"3,798.96",0.00,"3,497.49",0.00,"3,448.72",0.00,"3,123.39",0.00,"2,413.32"
02/22/2022,PDQ/Mx Tax Check,"1,688.53",0.0,0.00,263.07,0.00,208.29,0.00,283.12,0.00,264.30,0.00,258.56,0.00,233.14,0.00,178.05
02/22/2022,Gift Cards Total,3.04,0.0,0.00,0.00,-6.96,0.00,0.00,0.00,10.00,0.00,0.00,0.00,0.00,0.00,0.00,0.00
03/01/2022,IN-Sub,"2,534.41",758.0,102.15,0.00,0.00,0.00,154.58,194.30,354.55,87.79,672.05,112.07,231.76,211.30,194.77,219.09
03/01/2022,IN-Club,"2,972.00",578.0,210.62,0.00,0.00,0.00,293.44,233.82,315.67,93.47,478.32,158.18,336.38,205.75,386.54,259.81
03/01/2022,IN-Pop,269.67,512.0,23.89,0.00,0.00,0.00,32.26,24.30,37.03,5.97,43.02,11.55,38.65,11.96,25.10,15.94
03/01/2022,IN-Side,429.50,860.0,30.79,0.00,0.00,0.00,21.73,40.99,69.53,5.94,79.44,30.98,58.25,20.06,40.10,31.69
03/01/2022,DEL-Sub,937.51,249.0,79.17,0.00,0.00,0.00,179.70,130.01,86.24,35.40,53.13,25.62,160.97,21.07,146.28,19.92
03/01/2022,DEL-Club,"1,039.44",216.0,153.36,0.00,0.00,0.00,203.00,98.09,32.35,51.91,54.70,87.23,150.30,57.12,87.07,64.31
03/01/2022,DEL-Pop,151.96,200.0,16.35,0.00,0.00,0.00,29.30,5.79,16.94,7.57,14.60,4.41,22.72,0.40,27.09,6.79
03/01/2022,DEL-Side,355.83,428.0,48.23,0.00,0.00,0.00,62.18,21.32,27.59,12.90,14.63,24.00,56.65,13.30,64.80,10.23
03/01/2022,Party Sub,0.00,0.0,0.00,0.00,0.00,0.00,0.00,0.00,0.00,0.00,0.00,0.00,0.00,0.00,0.00,0.00
03/01/2022,Day Old Bread,11.50,23.0,0.00,0.00,0.00,0.00,0.50,5.00,0.00,5.00,1.00,0.00,0.00,0.00,0.00,0.00
03/01/2022,Fresh Bread,15.00,6.0,0.00,0.00,0.00,0.00,0.00,2.50,0.00,0.00,10.00,0.00,0.00,0.00,2.50,0.00
03/01/2022,Cookie,257.24,155.0,16.90,0.00,0.00,0.00,23.66,35.49,20.28,10.14,32.11,13.70,42.25,15.21,33.80,13.70
03/01/2022,Combos / Kids 1/2 off,"5,148.08",540.0,360.43,0.00,0.00,0.00,695.24,336.59,754.36,66.93,744.95,128.78,828.53,291.91,724.98,215.38
03/01/2022,Box Lunch,756.02,128.0,0.00,0.00,0.00,0.00,0.00,10.09,0.00,0.00,0.00,0.00,0.00,0.00,745.93,0.00
03/01/2022,Platters / Mini Jimmys,335.12,11.0,39.59,0.00,0.00,0.00,0.00,0.00,44.59,0.00,60.99,0.00,0.00,113.97,75.98,0.00
03/01/2022,Delivery Fee,357.81,286.0,58.45,0.00,0.00,0.00,70.71,26.99,27.23,9.75,19.73,11.99,57.00,16.74,48.00,11.22
03/01/2022,Other,0.00,59.0,0.00,0.00,0.00,0.00,0.00,0.00,0.00,0.00,0.00,0.00,0.00,0.00,0.00,0.00
03/01/2022,Modifiers,522.78,3885.0,44.52,0.00,0.00,0.00,54.47,55.11,86.18,16.85,66.73,15.13,56.02,31.42,58.96,37.39
03/01/2022,Total of Above,"16,093.87",0.0,"1,184.45",0.00,0.00,0.00,"1,820.77","1,220.39","1,872.54",409.62,"2,345.40",623.64,"2,039.48","1,010.21","2,661.90",905.47
03/01/2022,- OVER-RINGS,0.00,0.0,0.00,0.00,0.00,0.00,0.00,0.00,0.00,0.00,0.00,0.00,0.00,0.00,0.00,0.00
03/01/2022,= Adjusted Sales,"16,093.87",0.0,"1,184.45",0.00,0.00,0.00,"1,820.77","1,220.39","1,872.54",409.62,"2,345.40",623.64,"2,039.48","1,010.21","2,661.90",905.47
03/01/2022,- Net Employee Freebies,0.00,0.0,0.00,0.00,0.00,0.00,0.00,0.00,0.00,0.00,0.00,0.00,0.00,0.00,0.00,0.00
03/01/2022,- Net Manager Freebies,21.74,0.0,0.00,0.00,0.00,0.00,0.00,0.00,21.74,0.00,0.00,0.00,0.00,0.00,0.00,0.00
03/01/2022,- Sampling,0.00,0.0,0.00,0.00,0.00,0.00,0.00,0.00,0.00,0.00,0.00,0.00,0.00,0.00,0.00,0.00
03/01/2022,- Waste,0.00,0.0,0.00,0.00,0.00,0.00,0.00,0.00,0.00,0.00,0.00,0.00,0.00,0.00,0.00,0.00
03/01/2022,- Other Promo,281.27,0.0,0.00,0.00,0.00,0.00,9.13,0.00,0.00,0.00,259.37,0.00,0.00,0.00,0.00,12.77
03/01/2022,- Loyalty / Coupon,306.62,0.0,27.84,0.00,0.00,0.00,37.81,24.14,29.25,15.16,35.82,15.76,38.19,25.16,44.31,13.18
03/01/2022,= Royalty Sales,"15,484.24",0.0,"1,156.61",0.00,0.00,0.00,"1,773.83","1,196.25","1,821.55",394.46,"2,050.21",607.88,"2,001.29",985.05,"2,617.59",879.52
03/01/2022,+ Other Tax/Fee,0.00,0.0,0.00,0.00,0.00,0.00,0.00,0.00,0.00,0.00,0.00,0.00,0.00,0.00,0.00,0.00
03/01/2022,+ Sales Tax,"1,263.74",0.0,90.23,0.00,0.00,0.00,139.94,95.98,147.71,31.76,187.78,48.39,159.98,79.57,211.63,70.77
03/01/2022,- Over Rings Tax,0.00,0.0,0.00,0.00,0.00,0.00,0.00,0.00,0.00,0.00,0.00,0.00,0.00,0.00,0.00,0.00
03/01/2022,- Freebie/Promo Tax,0.00,0.0,0.00,0.00,0.00,0.00,0.00,0.00,0.00,0.00,0.00,0.00,0.00,0.00,0.00,0.00
03/01/2022,- Cash Payouts,360.34,0.0,44.48,0.00,0.00,0.00,20.00,79.49,12.82,31.63,11.98,23.96,33.49,33.85,19.24,49.40
03/01/2022,- A/R Due,0.00,0.0,0.00,0.00,0.00,0.00,0.00,0.00,0.00,0.00,0.00,0.00,0.00,0.00,0.00,0.00
03/01/2022,+ A/R Paid,0.00,0.0,0.00,0.00,0.00,0.00,0.00,0.00,0.00,0.00,0.00,0.00,0.00,0.00,0.00,0.00
03/01/2022,+ A/R Drivers,0.00,0.0,0.00,0.00,0.00,0.00,23.81,-23.81,27.74,-27.74,26.59,-26.59,-25.48,25.48,-6.16,6.16
03/01/2022,- A/R Due CC (InShop) V/MC/D,"7,796.87",0.0,401.61,0.00,0.00,0.00,673.82,526.47,"1,097.68",197.36,"1,249.79",276.96,698.02,480.87,"1,666.54",527.75
03/01/2022,- A/R Due CC (InShop) Amex,389.97,0.0,40.62,0.00,0.00,0.00,27.99,57.92,19.99,0.00,123.40,22.46,51.34,0.00,46.25,0.00
03/01/2022,- A/R Due CC (MOTO) V/MC/D,460.66,0.0,104.34,0.00,0.00,0.00,181.77,30.74,41.53,51.07,0.00,0.00,22.25,0.00,28.96,0.00
03/01/2022,- A/R Due CC (MOTO) Amex,0.00,0.0,0.00,0.00,0.00,0.00,0.00,0.00,0.00,0.00,0.00,0.00,0.00,0.00,0.00,0.00
03/01/2022,- A/R Due CC (ONLINE) V/MC/D,"6,793.64",0.0,638.67,0.00,0.00,0.00,937.26,551.79,716.88,124.18,739.15,250.00,"1,239.94",551.26,745.61,298.90
03/01/2022,- A/R Due CC (ONLINE) Amex,421.19,0.0,65.12,0.00,0.00,0.00,0.00,63.09,18.90,32.76,0.00,0.00,44.98,34.04,162.30,0.00
03/01/2022,- Other Payment Types,671.96,0.0,90.09,0.00,0.00,0.00,76.93,75.64,35.99,41.34,101.25,64.05,24.96,37.21,36.03,88.47
03/01/2022,- DoorDash,0.00,0.0,0.00,0.00,0.00,0.00,0.00,0.00,0.00,0.00,0.00,0.00,0.00,0.00,0.00,0.00
03/01/2022,- UberEats,0.00,0.0,0.00,0.00,0.00,0.00,0.00,0.00,0.00,0.00,0.00,0.00,0.00,0.00,0.00,0.00
03/01/2022,+ Gift Cards Issued,0.00,0.0,0.00,0.00,0.00,0.00,0.00,0.00,0.00,0.00,0.00,0.00,0.00,0.00,0.00,0.00
03/01/2022,- Gift Cards Redeemed,57.96,0.0,0.00,0.00,0.00,0.00,0.00,0.00,3.79,0.00,0.00,0.00,27.11,10.11,16.95,0.00
03/01/2022,+ NSF Deposit,0.00,0.0,0.00,0.00,0.00,0.00,0.00,0.00,0.00,0.00,0.00,0.00,0.00,0.00,0.00,0.00
03/01/2022,= Expected Deposit,-204.61,0.0,-138.09,0.00,0.00,0.00,19.81,-116.72,49.42,-79.86,39.01,-7.75,-6.30,-57.24,101.18,-8.07
03/01/2022,Total Deposit,0.00,0.0,0.00,0.00,0.00,0.00,0.00,0.00,0.00,0.00,0.00,0.00,0.00,0.00,0.00,0.00
03/01/2022,Cash Over/(Under),204.61,0.0,138.09,0.00,0.00,0.00,-19.81,116.72,-49.42,79.86,-39.01,7.75,6.30,57.24,-101.18,8.07
03/01/2022,# Of Sales,"1,031.00",0.0,78.00,0.00,0.00,0.00,148.00,72.00,115.00,31.00,113.00,40.00,171.00,58.00,158.00,47.00
03/01/2022,# Of Checks,0.00,0.0,0.00,0.00,0.00,0.00,0.00,0.00,0.00,0.00,0.00,0.00,0.00,0.00,0.00,0.00
03/01/2022,Shift Manager - Name,0,0.0,ap,0,0,0,ap,mh,ag,mh,ap,mh,ap,mh,ap,ap
03/01/2022,Labor $,"3,967.48",0.0,320.56,15.20,0.00,0.00,440.55,395.49,409.55,185.74,398.02,291.74,386.78,56.63,763.55,303.67
03/01/2022,Labor %,24.65,0.0,27.06,0.00,0.00,0.00,24.20,32.41,21.87,45.34,16.97,46.78,18.96,5.61,28.68,33.54
03/01/2022,Labor OverTime $,133.02,0.0,0.00,0.00,0.00,0.00,0.00,0.00,0.00,0.00,0.00,0.00,0.00,0.00,0.00,0.00
03/01/2022,Total Online Orders,"6,462.52",0.0,607.68,0.00,0.00,0.00,867.80,534.12,657.16,137.14,701.50,237.27,"1,126.97",536.00,776.06,280.82
03/01/2022,Online Cash,130.05,0.0,0.00,0.00,0.00,0.00,70.72,0.00,0.00,0.00,29.09,22.45,7.79,0.00,0.00,0.00
03/01/2022,PDQ/Mx Sales Check,"17,007.35",0.0,0.00,"1,246.84",0.00,0.00,0.00,"3,206.00",0.00,"2,395.48",-259.37,"3,153.63",0.00,"3,225.89",0.00,"3,779.51"
03/01/2022,PDQ/Mx Tax Check,"1,263.74",0.0,0.00,90.23,0.00,0.00,0.00,235.92,0.00,179.47,0.00,236.17,0.00,239.55,0.00,282.40
03/01/2022,Gift Cards Total,57.96,0.0,0.00,0.00,0.00,0.00,0.00,0.00,3.79,0.00,0.00,0.00,27.11,10.11,16.95,0.00
